"id_cliente","provincia","edad","antiguedad_meses","canal_adquisicion","tipo_poliza","prima_mensual_usd","siniestros_reclamados","score_satisfaccion","churn","Total_Primas_Provincia","Porcentaje_Aporte_Cliente","Ranking_Costo_Provincia","en_riesgo_critico","cartera_vencida_usd","rango_edad"
"EC-10000","Guayas",20,14,"Asesor Directo","Individual Premium",165.8,4,5,"Si",53241.88,0.311408988563139,56,0,0,"18-30 Jóvenes"
"EC-10001","Guayas",31,58,"Banca Seguros","Individual Premium",66.42,0,2,"Si",53241.88,0.124751417493146,364,0,0,"31-55 Adultos"
"EC-10002","Pichincha",23,10,"Asesor Directo","Individual Premium",49.49,0,4,"No",59669.67,0.0829399592791447,483,0,0,"18-30 Jóvenes"
"EC-10003","Pichincha",67,41,"Asesor Directo","Individual Premium",21.4,0,4,"Si",59669.67,0.0358641165603899,570,0,0,"56+ Adultos Mayores"
"EC-10004","Guayas",26,9,"Banca Seguros","Individual Premium",42.22,0,4,"No",53241.88,0.0792984770635447,436,0,0,"18-30 Jóvenes"
"EC-10005","Pichincha",55,28,"Asesor Directo","Familiar Estándar",95.26,0,2,"Si",59669.67,0.159645595492651,310,0,0,"31-55 Adultos"
"EC-10006","Guayas",62,22,"Banca Seguros","Familiar Estándar",20.61,0,4,"No",53241.88,0.0387101281923178,505,0,0,"56+ Adultos Mayores"
"EC-10007","Azuay",44,49,"Broker Digital","Individual Premium",50.75,0,3,"No",16510.84,0.307373822288872,128,0,0,"31-55 Adultos"
"EC-10008","Pichincha",51,26,"Broker Digital","Corporativo Empresarial",163.64,0,3,"Si",59669.67,0.274243179156178,62,0,0,"31-55 Adultos"
"EC-10009","Guayas",64,3,"Banca Seguros","Familiar Estándar",46.89,0,3,"No",53241.88,0.0880697676340505,426,0,0,"56+ Adultos Mayores"
"EC-10010","Pichincha",47,51,"Broker Digital","Corporativo Empresarial",28.66,0,3,"No",59669.67,0.048031101898167,544,0,0,"31-55 Adultos"
"EC-10011","Guayas",40,18,"Asesor Directo","Corporativo Empresarial",71.77,1,3,"Si",53241.88,0.13479989812531,349,0,0,"31-55 Adultos"
"EC-10012","Pichincha",52,39,"Banca Seguros","Familiar Estándar",155.61,0,1,"No",59669.67,0.260785755979545,85,0,0,"31-55 Adultos"
"EC-10013","Azuay",62,19,"Banca Seguros","Familiar Estándar",102.18,1,2,"No",16510.84,0.618866150965063,85,0,0,"56+ Adultos Mayores"
"EC-10014","Pichincha",28,16,"Asesor Directo","Individual Premium",163.97,1,4,"No",59669.67,0.274796223944258,61,0,0,"18-30 Jóvenes"
"EC-10015","Pichincha",68,19,"Banca Seguros","Individual Premium",33.14,0,4,"No",59669.67,0.0555391038696879,528,0,0,"56+ Adultos Mayores"
"EC-10016","Guayas",47,33,"Asesor Directo","Individual Premium",131.9,1,4,"Si",53241.88,0.247737307548118,160,0,0,"31-55 Adultos"
"EC-10017","Pichincha",65,24,"Asesor Directo","Familiar Estándar",130.66,1,5,"No",59669.67,0.218972218214044,178,0,0,"56+ Adultos Mayores"
"EC-10018","Pichincha",60,27,"Asesor Directo","Corporativo Empresarial",121.96,0,5,"No",59669.67,0.204391946528278,212,0,0,"56+ Adultos Mayores"
"EC-10019","Pichincha",67,4,"Broker Digital","Individual Premium",90.43,0,5,"No",59669.67,0.151551030867106,328,0,0,"56+ Adultos Mayores"
"EC-10020","Pichincha",20,39,"Asesor Directo","Familiar Estándar",138.44,0,4,"No",59669.67,0.232010668066373,143,0,0,"18-30 Jóvenes"
"EC-10021","Pichincha",59,5,"Asesor Directo","Individual Premium",171.13,0,2,"No",59669.67,0.286795619952314,30,0,0,"56+ Adultos Mayores"
"EC-10022","Pichincha",39,45,"Broker Digital","Individual Premium",146.51,0,3,"No",59669.67,0.245535126974894,115,0,0,"31-55 Adultos"
"EC-10023","Pichincha",35,5,"Banca Seguros","Individual Premium",107.19,4,3,"Si",59669.67,0.17963900252842,269,0,0,"31-55 Adultos"
"EC-10024","Guayas",49,52,"Broker Digital","Familiar Estándar",99.51,0,3,"No",53241.88,0.18690173975825,257,0,0,"31-55 Adultos"
"EC-10025","Pichincha",23,43,"Asesor Directo","Familiar Estándar",19.22,0,2,"Si",59669.67,0.0322106691724623,580,0,0,"18-30 Jóvenes"
"EC-10026","Guayas",64,29,"Asesor Directo","Familiar Estándar",171.74,0,4,"Si",53241.88,0.322565619395859,27,0,0,"56+ Adultos Mayores"
"EC-10027","Pichincha",39,32,"Banca Seguros","Familiar Estándar",108.6,0,3,"No",59669.67,0.182002012077493,264,0,0,"31-55 Adultos"
"EC-10028","Pichincha",46,20,"Asesor Directo","Individual Premium",20.99,0,3,"Si",59669.67,0.035177000308532,572,0,0,"31-55 Adultos"
"EC-10029","Guayas",62,19,"Asesor Directo","Corporativo Empresarial",69.85,1,3,"No",53241.88,0.131193714421805,353,0,0,"56+ Adultos Mayores"
"EC-10030","Manabí",63,1,"Asesor Directo","Familiar Estándar",151.59,0,4,"Si",11778.96,1.28695572444426,17,0,0,"56+ Adultos Mayores"
"EC-10031","Pichincha",56,54,"Banca Seguros","Familiar Estándar",20.94,1,2,"Si",59669.67,0.0350932056436712,573,0,0,"56+ Adultos Mayores"
"EC-10032","Guayas",28,8,"Banca Seguros","Corporativo Empresarial",156.07,1,2,"Si",53241.88,0.293133901357353,86,0,0,"18-30 Jóvenes"
"EC-10033","Pichincha",33,28,"Broker Digital","Individual Premium",149.36,0,4,"Si",59669.67,0.250311422871955,105,0,0,"31-55 Adultos"
"EC-10034","Guayas",39,9,"Banca Seguros","Corporativo Empresarial",30.04,0,2,"Si",53241.88,0.0564217491944312,476,0,0,"31-55 Adultos"
"EC-10035","Guayas",58,1,"Broker Digital","Familiar Estándar",71.04,0,5,"Si",53241.88,0.133428797029707,351,0,0,"56+ Adultos Mayores"
"EC-10036","Pichincha",38,26,"Banca Seguros","Individual Premium",164.02,1,3,"Si",59669.67,0.274880018609119,60,0,0,"31-55 Adultos"
"EC-10037","Guayas",53,2,"Asesor Directo","Familiar Estándar",23.8,0,4,"No",53241.88,0.044701652158038,498,0,0,"31-55 Adultos"
"EC-10038","Azuay",43,4,"Banca Seguros","Familiar Estándar",171.55,1,3,"Si",16510.84,1.03901436874199,11,0,0,"31-55 Adultos"
"EC-10039","Guayas",60,14,"Broker Digital","Corporativo Empresarial",119.64,0,4,"No",53241.88,0.224710322024692,190,0,0,"56+ Adultos Mayores"
"EC-10040","Pichincha",39,38,"Asesor Directo","Familiar Estándar",163.27,0,5,"No",59669.67,0.273623098636208,63,0,0,"31-55 Adultos"
"EC-10041","Manabí",32,15,"Banca Seguros","Familiar Estándar",128.96,0,5,"No",11778.96,1.09483349973173,41,0,0,"31-55 Adultos"
"EC-10042","Guayas",70,46,"Banca Seguros","Familiar Estándar",67.63,0,3,"No",53241.88,0.127024064514626,359,0,0,"56+ Adultos Mayores"
"EC-10043","Guayas",62,40,"Banca Seguros","Individual Premium",69.89,0,4,"No",53241.88,0.131268843248961,352,0,0,"56+ Adultos Mayores"
"EC-10044","Pichincha",29,23,"Asesor Directo","Individual Premium",94.27,1,5,"No",59669.67,0.157986461128409,315,0,0,"18-30 Jóvenes"
"EC-10045","Pichincha",44,23,"Asesor Directo","Corporativo Empresarial",155.22,1,5,"No",59669.67,0.260132157593632,87,0,0,"31-55 Adultos"
"EC-10046","Manabí",19,23,"Banca Seguros","Individual Premium",136.74,0,3,"No",11778.96,1.16088347358341,31,0,0,"18-30 Jóvenes"
"EC-10047","Pichincha",61,17,"Asesor Directo","Individual Premium",72.98,0,4,"Si",59669.67,0.122306692830713,394,0,0,"56+ Adultos Mayores"
"EC-10048","Guayas",25,31,"Banca Seguros","Corporativo Empresarial",99.51,0,4,"No",53241.88,0.18690173975825,257,0,0,"18-30 Jóvenes"
"EC-10049","Pichincha",41,54,"Banca Seguros","Individual Premium",71.04,2,4,"No",59669.67,0.119055459834117,402,0,0,"31-55 Adultos"
"EC-10050","Tungurahua",29,26,"Banca Seguros","Individual Premium",111.66,0,3,"No",6921.02,1.61334600969221,29,0,0,"18-30 Jóvenes"
"EC-10051","Guayas",54,60,"Banca Seguros","Familiar Estándar",127.33,3,4,"No",53241.88,0.239153839045503,171,0,0,"31-55 Adultos"
"EC-10052","Tungurahua",61,28,"Banca Seguros","Familiar Estándar",125.3,0,3,"No",6921.02,1.8104267868031,26,0,0,"56+ Adultos Mayores"
"EC-10053","Manabí",48,20,"Banca Seguros","Familiar Estándar",131.26,0,3,"No",11778.96,1.1143598416159,35,0,0,"31-55 Adultos"
"EC-10054","Guayas",26,34,"Banca Seguros","Individual Premium",31.95,0,3,"No",53241.88,0.0600091506911477,470,0,0,"18-30 Jóvenes"
"EC-10055","Guayas",39,25,"Banca Seguros","Individual Premium",178.33,0,2,"Si",53241.88,0.33494309366987,7,0,0,"31-55 Adultos"
"EC-10056","Guayas",61,47,"Broker Digital","Individual Premium",142.27,2,2,"Si",53241.88,0.267214455988406,132,1,142.27,"56+ Adultos Mayores"
"EC-10057","Pichincha",28,43,"Asesor Directo","Familiar Estándar",99.51,2,1,"Si",59669.67,0.166768142005813,297,1,99.51,"18-30 Jóvenes"
"EC-10058","Tungurahua",70,36,"Broker Digital","Corporativo Empresarial",100.94,0,3,"No",6921.02,1.45845554556987,33,0,0,"56+ Adultos Mayores"
"EC-10059","Pichincha",47,55,"Broker Digital","Corporativo Empresarial",111.1,0,2,"No",59669.67,0.186191745320529,258,0,0,"31-55 Adultos"
"EC-10060","Pichincha",64,16,"Asesor Directo","Individual Premium",101.97,1,4,"Si",59669.67,0.170890839516961,285,0,0,"56+ Adultos Mayores"
"EC-10061","Manabí",19,2,"Asesor Directo","Individual Premium",130.33,0,5,"No",11778.96,1.1064644077236,38,0,0,"18-30 Jóvenes"
"EC-10062","Guayas",59,8,"Banca Seguros","Familiar Estándar",125.57,0,5,"No",53241.88,0.235848170650623,175,0,0,"56+ Adultos Mayores"
"EC-10063","Guayas",44,19,"Asesor Directo","Familiar Estándar",33.03,0,1,"No",53241.88,0.0620376290243695,466,0,0,"31-55 Adultos"
"EC-10064","Pichincha",24,7,"Asesor Directo","Individual Premium",128.34,0,3,"Si",59669.67,0.215084145764507,186,0,0,"18-30 Jóvenes"
"EC-10065","Pichincha",60,2,"Asesor Directo","Corporativo Empresarial",99.51,0,5,"No",59669.67,0.166768142005813,297,0,0,"56+ Adultos Mayores"
"EC-10066","Guayas",30,11,"Banca Seguros","Individual Premium",171.64,0,3,"Si",53241.88,0.322377797327968,28,0,0,"18-30 Jóvenes"
"EC-10067","Guayas",19,37,"Asesor Directo","Individual Premium",65.31,0,2,"Si",53241.88,0.122666592539557,371,0,0,"18-30 Jóvenes"
"EC-10068","Guayas",50,3,"Banca Seguros","Individual Premium",151.6,0,1,"Si",53241.88,0.284738254922629,97,0,0,"31-55 Adultos"
"EC-10069","Guayas",25,39,"Broker Digital","Familiar Estándar",178.55,0,2,"No",53241.88,0.33535630221923,5,0,0,"18-30 Jóvenes"
"EC-10070","Manabí",61,36,"Banca Seguros","Individual Premium",106.81,0,4,"No",11778.96,0.906786337673275,55,0,0,"56+ Adultos Mayores"
"EC-10071","Pichincha",50,45,"Asesor Directo","Familiar Estándar",63.95,3,3,"Si",59669.67,0.107173376356866,428,0,0,"31-55 Adultos"
"EC-10072","Guayas",39,54,"Asesor Directo","Familiar Estándar",118.29,1,2,"No",53241.88,0.222174724108165,194,0,0,"31-55 Adultos"
"EC-10073","Azuay",21,52,"Asesor Directo","Familiar Estándar",103.93,0,1,"No",16510.84,0.629465248285369,81,0,0,"18-30 Jóvenes"
"EC-10074","Pichincha",61,37,"Banca Seguros","Familiar Estándar",121.2,1,5,"No",59669.67,0.203118267622395,217,0,0,"56+ Adultos Mayores"
"EC-10075","Guayas",34,30,"Broker Digital","Individual Premium",153.26,1,5,"No",53241.88,0.287856101249618,91,0,0,"31-55 Adultos"
"EC-10076","Guayas",66,4,"Asesor Directo","Individual Premium",178.84,1,2,"Si",53241.88,0.335900986216114,3,0,0,"56+ Adultos Mayores"
"EC-10077","Guayas",58,40,"Banca Seguros","Familiar Estándar",107.55,0,4,"No",53241.88,0.20200263401668,233,0,0,"56+ Adultos Mayores"
"EC-10078","Pichincha",27,21,"Banca Seguros","Familiar Estándar",152.58,3,2,"Si",59669.67,0.255707799288986,98,1,152.58,"18-30 Jóvenes"
"EC-10079","Manabí",69,8,"Asesor Directo","Individual Premium",148.92,0,4,"Si",11778.96,1.2642881884309,18,0,0,"56+ Adultos Mayores"
"EC-10080","Pichincha",70,5,"Asesor Directo","Corporativo Empresarial",86.22,1,2,"Si",59669.67,0.144495520085833,340,0,0,"56+ Adultos Mayores"
"EC-10081","Tungurahua",51,11,"Banca Seguros","Familiar Estándar",57.34,0,3,"No",6921.02,0.828490598206623,51,0,0,"31-55 Adultos"
"EC-10082","Azuay",68,46,"Banca Seguros","Familiar Estándar",63.21,0,4,"No",16510.84,0.38283939520945,121,0,0,"56+ Adultos Mayores"
"EC-10083","Tungurahua",20,59,"Banca Seguros","Corporativo Empresarial",131.55,0,4,"No",6921.02,1.90073139508338,25,0,0,"18-30 Jóvenes"
"EC-10084","Pichincha",29,34,"Banca Seguros","Familiar Estándar",96.59,0,2,"Si",59669.67,0.161874533577947,305,0,0,"18-30 Jóvenes"
"EC-10085","Tungurahua",60,53,"Banca Seguros","Individual Premium",32.89,2,4,"No",6921.02,0.475218970614158,59,0,0,"56+ Adultos Mayores"
"EC-10086","Guayas",28,36,"Banca Seguros","Familiar Estándar",132.39,2,4,"Si",53241.88,0.248657635680784,158,0,0,"18-30 Jóvenes"
"EC-10087","Manabí",48,11,"Broker Digital","Individual Premium",148.08,1,5,"Si",11778.96,1.25715682878624,19,0,0,"31-55 Adultos"
"EC-10088","Pichincha",66,37,"Banca Seguros","Individual Premium",131.97,0,3,"Si",59669.67,0.221167638433395,175,0,0,"56+ Adultos Mayores"
"EC-10089","Pichincha",43,36,"Asesor Directo","Familiar Estándar",45.5,2,3,"No",59669.67,0.0762531450232589,499,0,0,"31-55 Adultos"
"EC-10090","Manabí",20,40,"Asesor Directo","Familiar Estándar",23.31,1,2,"Si",11778.96,0.197895230139163,116,0,0,"18-30 Jóvenes"
"EC-10091","Guayas",28,53,"Banca Seguros","Familiar Estándar",132.72,0,5,"No",53241.88,0.249277448504824,157,0,0,"18-30 Jóvenes"
"EC-10092","Azuay",20,19,"Banca Seguros","Familiar Estándar",145.32,0,2,"Si",16510.84,0.880149041478205,37,0,0,"18-30 Jóvenes"
"EC-10093","Pichincha",31,3,"Banca Seguros","Individual Premium",136.86,0,3,"Si",59669.67,0.229362756656774,150,0,0,"31-55 Adultos"
"EC-10094","Pichincha",65,32,"Broker Digital","Individual Premium",66.3,0,4,"Si",59669.67,0.11111172560532,417,0,0,"56+ Adultos Mayores"
"EC-10095","Pichincha",50,39,"Broker Digital","Familiar Estándar",67.73,0,5,"No",59669.67,0.113508253020337,409,0,0,"31-55 Adultos"
"EC-10096","Azuay",25,17,"Broker Digital","Corporativo Empresarial",137.62,0,3,"Si",16510.84,0.833513013268859,49,0,0,"18-30 Jóvenes"
"EC-10097","Pichincha",64,51,"Banca Seguros","Familiar Estándar",162.1,0,4,"No",59669.67,0.271662303478467,67,0,0,"56+ Adultos Mayores"
"EC-10098","Guayas",35,46,"Asesor Directo","Familiar Estándar",40.54,1,2,"Si",53241.88,0.0761430663229773,443,0,0,"31-55 Adultos"
"EC-10099","Pichincha",42,18,"Asesor Directo","Familiar Estándar",76.42,0,3,"No",59669.67,0.128071765773131,375,0,0,"31-55 Adultos"
"EC-10100","Pichincha",43,21,"Banca Seguros","Corporativo Empresarial",84.22,0,1,"Si",59669.67,0.141143733491404,346,0,0,"31-55 Adultos"
"EC-10101","Azuay",63,24,"Asesor Directo","Familiar Estándar",174.76,0,3,"No",16510.84,1.05845614154095,6,0,0,"56+ Adultos Mayores"
"EC-10102","Guayas",31,27,"Banca Seguros","Individual Premium",33.41,0,5,"No",53241.88,0.062751352882355,465,0,0,"31-55 Adultos"
"EC-10103","Pichincha",61,15,"Asesor Directo","Individual Premium",99.51,0,2,"No",59669.67,0.166768142005813,297,0,0,"56+ Adultos Mayores"
"EC-10104","Pichincha",53,26,"Asesor Directo","Corporativo Empresarial",176.94,0,4,"No",59669.67,0.29653256000913,16,0,0,"31-55 Adultos"
"EC-10105","Pichincha",68,56,"Banca Seguros","Familiar Estándar",51.13,0,3,"No",59669.67,0.0856884242865764,474,0,0,"56+ Adultos Mayores"
"EC-10106","Guayas",31,28,"Banca Seguros","Individual Premium",65.11,0,2,"Si",53241.88,0.122290948403775,373,0,0,"31-55 Adultos"
"EC-10107","Guayas",18,56,"Banca Seguros","Corporativo Empresarial",130.26,0,2,"Si",53241.88,0.244657025634707,164,0,0,"18-30 Jóvenes"
"EC-10108","Pichincha",68,50,"Banca Seguros","Familiar Estándar",112.01,2,5,"No",59669.67,0.187716808220994,252,0,0,"56+ Adultos Mayores"
"EC-10109","Guayas",65,36,"Banca Seguros","Individual Premium",140.87,0,4,"Si",53241.88,0.264584947037933,133,0,0,"56+ Adultos Mayores"
"EC-10110","Guayas",20,2,"Banca Seguros","Familiar Estándar",161.53,0,4,"No",53241.88,0.303388986264197,72,0,0,"18-30 Jóvenes"
"EC-10111","Azuay",55,56,"Asesor Directo","Familiar Estándar",119.25,0,5,"No",16510.84,0.722252774540847,66,0,0,"31-55 Adultos"
"EC-10112","Pichincha",26,45,"Banca Seguros","Corporativo Empresarial",91.46,1,3,"No",59669.67,0.153277200963236,325,0,0,"18-30 Jóvenes"
"EC-10113","Pichincha",32,18,"Asesor Directo","Individual Premium",135.77,0,4,"No",59669.67,0.22753603296281,155,0,0,"31-55 Adultos"
"EC-10114","Pichincha",47,35,"Banca Seguros","Individual Premium",47.16,0,5,"No",59669.67,0.0790351278966349,491,0,0,"31-55 Adultos"
"EC-10115","Pichincha",52,38,"Banca Seguros","Individual Premium",146.66,2,1,"Si",59669.67,0.245786510969476,114,1,146.66,"31-55 Adultos"
"EC-10116","Guayas",66,53,"Banca Seguros","Familiar Estándar",54.62,0,4,"No",53241.88,0.102588413482018,404,0,0,"56+ Adultos Mayores"
"EC-10117","Pichincha",64,59,"Banca Seguros","Individual Premium",22.84,0,3,"Si",59669.67,0.0382774029083787,566,0,0,"56+ Adultos Mayores"
"EC-10118","Pichincha",33,55,"Broker Digital","Individual Premium",119.67,1,3,"Si",59669.67,0.200554150877657,224,0,0,"31-55 Adultos"
"EC-10119","Azuay",54,48,"Banca Seguros","Individual Premium",174.02,3,3,"Si",16510.84,1.05397423753122,9,0,0,"31-55 Adultos"
"EC-10120","Guayas",40,44,"Asesor Directo","Corporativo Empresarial",66.13,0,4,"Si",53241.88,0.124206733496263,366,0,0,"31-55 Adultos"
"EC-10121","Pichincha",47,19,"Broker Digital","Individual Premium",64.1,0,3,"No",59669.67,0.107424760351448,427,0,0,"31-55 Adultos"
"EC-10122","Guayas",39,26,"Asesor Directo","Corporativo Empresarial",67.87,0,4,"Si",53241.88,0.127474837477565,357,0,0,"31-55 Adultos"
"EC-10123","Azuay",50,8,"Banca Seguros","Familiar Estándar",134.91,3,3,"Si",16510.84,0.817099553989985,52,0,0,"31-55 Adultos"
"EC-10124","Guayas",34,22,"Banca Seguros","Individual Premium",77.37,0,4,"No",53241.88,0.145317933927202,332,0,0,"31-55 Adultos"
"EC-10125","Pichincha",53,56,"Asesor Directo","Familiar Estándar",68.4,0,4,"No",59669.67,0.114631101529471,406,0,0,"31-55 Adultos"
"EC-10126","Pichincha",63,14,"Banca Seguros","Individual Premium",163.22,1,3,"No",59669.67,0.273539303971348,64,0,0,"56+ Adultos Mayores"
"EC-10127","Guayas",62,46,"Broker Digital","Individual Premium",151.09,0,2,"No",53241.88,0.283780362376385,101,0,0,"56+ Adultos Mayores"
"EC-10128","Pichincha",31,4,"Asesor Directo","Familiar Estándar",167.43,0,2,"No",59669.67,0.280594814752621,41,0,0,"31-55 Adultos"
"EC-10129","Guayas",59,54,"Asesor Directo","Individual Premium",73.2,0,1,"Si",53241.88,0.13748575369615,347,0,0,"56+ Adultos Mayores"
"EC-10130","Pichincha",25,21,"Banca Seguros","Corporativo Empresarial",85.06,0,4,"Si",59669.67,0.142551483861064,344,0,0,"18-30 Jóvenes"
"EC-10131","Guayas",68,20,"Banca Seguros","Individual Premium",91.35,0,4,"No",53241.88,0.171575459018352,292,0,0,"56+ Adultos Mayores"
"EC-10132","Pichincha",68,3,"Asesor Directo","Familiar Estándar",40.31,2,5,"No",59669.67,0.0675552588107157,512,0,0,"56+ Adultos Mayores"
"EC-10133","Pichincha",19,36,"Banca Seguros","Corporativo Empresarial",143.75,0,2,"No",59669.67,0.240909661474582,123,0,0,"18-30 Jóvenes"
"EC-10134","Manabí",54,26,"Asesor Directo","Corporativo Empresarial",143.8,0,4,"Si",11778.96,1.22082085345396,25,0,0,"31-55 Adultos"
"EC-10135","Pichincha",66,54,"Banca Seguros","Individual Premium",177.46,0,2,"Si",59669.67,0.297404024523682,13,0,0,"56+ Adultos Mayores"
"EC-10136","Pichincha",24,3,"Asesor Directo","Individual Premium",21.11,1,3,"No",59669.67,0.0353781075041977,571,0,0,"18-30 Jóvenes"
"EC-10137","Guayas",68,8,"Banca Seguros","Familiar Estándar",73.6,0,4,"No",53241.88,0.138237041967714,343,0,0,"56+ Adultos Mayores"
"EC-10138","Guayas",19,20,"Asesor Directo","Individual Premium",122.85,0,1,"Si",53241.88,0.23073941040399,181,0,0,"18-30 Jóvenes"
"EC-10139","Pichincha",20,2,"Asesor Directo","Corporativo Empresarial",148.88,0,4,"No",59669.67,0.249506994089292,108,0,0,"18-30 Jóvenes"
"EC-10140","Guayas",45,43,"Broker Digital","Familiar Estándar",99.93,0,4,"No",53241.88,0.187690592443392,255,0,0,"31-55 Adultos"
"EC-10141","Pichincha",66,58,"Asesor Directo","Familiar Estándar",45.57,0,2,"No",59669.67,0.0763704575540639,497,0,0,"56+ Adultos Mayores"
"EC-10142","Guayas",66,15,"Asesor Directo","Individual Premium",169.38,2,3,"Si",53241.88,0.318133018593633,41,0,0,"56+ Adultos Mayores"
"EC-10143","Guayas",38,7,"Banca Seguros","Individual Premium",143.26,0,2,"No",53241.88,0.269073894460526,129,0,0,"31-55 Adultos"
"EC-10144","Manabí",42,60,"Broker Digital","Corporativo Empresarial",28.18,0,3,"Si",11778.96,0.239240136650434,112,0,0,"31-55 Adultos"
"EC-10145","Pichincha",50,36,"Broker Digital","Individual Premium",63.03,3,5,"No",59669.67,0.105631554523429,432,0,0,"31-55 Adultos"
"EC-10146","Pichincha",44,1,"Banca Seguros","Familiar Estándar",77.32,1,4,"Si",59669.67,0.129580069740624,369,0,0,"31-55 Adultos"
"EC-10147","Guayas",20,50,"Asesor Directo","Individual Premium",151.54,0,2,"Si",53241.88,0.284625561681894,98,0,0,"18-30 Jóvenes"
"EC-10148","Guayas",35,54,"Banca Seguros","Individual Premium",35.54,0,4,"No",53241.88,0.0667519629284315,457,0,0,"31-55 Adultos"
"EC-10149","Pichincha",50,1,"Broker Digital","Familiar Estándar",138.84,0,3,"Si",59669.67,0.232681025385259,142,0,0,"31-55 Adultos"
"EC-10150","Pichincha",24,42,"Banca Seguros","Corporativo Empresarial",132.65,0,2,"Si",59669.67,0.222307245875501,171,0,0,"18-30 Jóvenes"
"EC-10151","Pichincha",19,30,"Asesor Directo","Individual Premium",157.49,1,2,"Si",59669.67,0.263936435378309,78,0,0,"18-30 Jóvenes"
"EC-10152","Tungurahua",51,2,"Banca Seguros","Corporativo Empresarial",89.26,1,4,"Si",6921.02,1.28969429361568,40,0,0,"31-55 Adultos"
"EC-10153","Guayas",23,7,"Banca Seguros","Individual Premium",76.87,4,3,"Si",53241.88,0.144378823587747,334,0,0,"18-30 Jóvenes"
"EC-10154","Azuay",57,26,"Asesor Directo","Familiar Estándar",67.01,0,3,"No",16510.84,0.405854577962115,117,0,0,"56+ Adultos Mayores"
"EC-10155","Guayas",22,12,"Broker Digital","Familiar Estándar",84.97,1,4,"No",53241.88,0.159592411086911,312,0,0,"18-30 Jóvenes"
"EC-10156","Pichincha",42,18,"Banca Seguros","Familiar Estándar",59.97,0,3,"Si",59669.67,0.100503321033952,447,0,0,"31-55 Adultos"
"EC-10157","Guayas",18,56,"Asesor Directo","Familiar Estándar",65.41,0,4,"Si",53241.88,0.122854414607448,370,0,0,"18-30 Jóvenes"
"EC-10158","Azuay",27,40,"Asesor Directo","Individual Premium",132.44,1,3,"Si",16510.84,0.802139685200753,54,0,0,"18-30 Jóvenes"
"EC-10159","Pichincha",58,4,"Asesor Directo","Individual Premium",47,1,4,"No",59669.67,0.0787669849690806,493,0,0,"56+ Adultos Mayores"
"EC-10160","Pichincha",66,23,"Banca Seguros","Individual Premium",160.39,1,3,"No",59669.67,0.268796525940231,73,0,0,"56+ Adultos Mayores"
"EC-10161","Guayas",68,56,"Broker Digital","Familiar Estándar",41.13,0,1,"Si",53241.88,0.0772512165235337,442,0,0,"56+ Adultos Mayores"
"EC-10162","Manabí",50,19,"Banca Seguros","Familiar Estándar",119.8,0,1,"No",11778.96,1.01706772074954,44,0,0,"31-55 Adultos"
"EC-10163","Pichincha",18,19,"Broker Digital","Corporativo Empresarial",99.51,0,5,"No",59669.67,0.166768142005813,297,0,0,"18-30 Jóvenes"
"EC-10164","Pichincha",51,53,"Asesor Directo","Familiar Estándar",18.89,2,3,"Si",59669.67,0.0316576243843815,581,0,0,"31-55 Adultos"
"EC-10165","Pichincha",62,32,"Asesor Directo","Individual Premium",155.1,0,4,"No",59669.67,0.259931050397966,89,0,0,"56+ Adultos Mayores"
"EC-10166","Pichincha",36,60,"Banca Seguros","Individual Premium",132.98,0,3,"Si",59669.67,0.222860290663582,170,0,0,"31-55 Adultos"
"EC-10167","Guayas",37,6,"Asesor Directo","Familiar Estándar",23.42,0,5,"No",53241.88,0.0439879283000525,500,0,0,"31-55 Adultos"
"EC-10168","Guayas",52,38,"Broker Digital","Individual Premium",167.17,0,4,"Si",53241.88,0.313982150893244,48,0,0,"31-55 Adultos"
"EC-10169","Pichincha",19,3,"Asesor Directo","Familiar Estándar",43.09,0,4,"No",59669.67,0.072214242176972,502,0,0,"18-30 Jóvenes"
"EC-10170","Azuay",43,39,"Banca Seguros","Individual Premium",144.45,0,1,"Si",16510.84,0.874879775953253,41,0,0,"31-55 Adultos"
"EC-10171","Guayas",48,44,"Banca Seguros","Individual Premium",75.32,0,3,"No",53241.88,0.141467581535438,339,0,0,"31-55 Adultos"
"EC-10172","Guayas",35,41,"Banca Seguros","Familiar Estándar",57.2,0,3,"No",53241.88,0.107434222833604,395,0,0,"31-55 Adultos"
"EC-10173","Azuay",49,16,"Broker Digital","Individual Premium",143.39,0,4,"No",16510.84,0.868459751290667,42,0,0,"31-55 Adultos"
"EC-10174","Pichincha",61,45,"Banca Seguros","Corporativo Empresarial",31.58,2,1,"Si",59669.67,0.0529247103260333,535,1,31.58,"56+ Adultos Mayores"
"EC-10175","Guayas",32,4,"Broker Digital","Individual Premium",20.65,0,4,"Si",53241.88,0.0387852570194741,504,0,0,"31-55 Adultos"
"EC-10176","Manabí",38,11,"Banca Seguros","Familiar Estándar",99.51,0,4,"Si",11778.96,0.844811426475682,62,0,0,"31-55 Adultos"
"EC-10177","Manabí",66,53,"Banca Seguros","Familiar Estándar",147.37,0,2,"Si",11778.96,1.25112913194374,20,0,0,"56+ Adultos Mayores"
"EC-10178","Tungurahua",34,29,"Asesor Directo","Individual Premium",162.58,0,4,"No",6921.02,2.34907571427333,9,0,0,"31-55 Adultos"
"EC-10179","Guayas",29,57,"Banca Seguros","Individual Premium",84.99,0,4,"Si",53241.88,0.159629975500489,311,0,0,"18-30 Jóvenes"
"EC-10180","Pichincha",18,49,"Asesor Directo","Corporativo Empresarial",93.26,1,3,"Si",59669.67,0.156293808898223,321,0,0,"18-30 Jóvenes"
"EC-10181","Pichincha",21,8,"Asesor Directo","Individual Premium",116.06,0,2,"No",59669.67,0.194504176074713,242,0,0,"18-30 Jóvenes"
"EC-10182","Manabí",19,5,"Asesor Directo","Individual Premium",71.75,1,4,"No",11778.96,0.609136969647575,83,0,0,"18-30 Jóvenes"
"EC-10183","Guayas",56,55,"Broker Digital","Individual Premium",60.42,1,3,"No",53241.88,0.113482093419691,384,0,0,"56+ Adultos Mayores"
"EC-10184","Pichincha",70,23,"Banca Seguros","Individual Premium",133.63,1,3,"Si",59669.67,0.223949621306771,168,0,0,"56+ Adultos Mayores"
"EC-10185","Pichincha",52,54,"Broker Digital","Individual Premium",76.85,0,5,"No",59669.67,0.128792399890933,372,0,0,"31-55 Adultos"
"EC-10186","Azuay",36,5,"Banca Seguros","Familiar Estándar",76.99,0,2,"Si",16510.84,0.466299715823059,109,0,0,"31-55 Adultos"
"EC-10187","Pichincha",40,5,"Broker Digital","Individual Premium",134.38,4,4,"Si",59669.67,0.225206541279682,165,0,0,"31-55 Adultos"
"EC-10188","Pichincha",66,26,"Broker Digital","Corporativo Empresarial",115.2,0,3,"Si",59669.67,0.193062907839108,245,0,0,"56+ Adultos Mayores"
"EC-10189","Guayas",26,7,"Broker Digital","Individual Premium",117.79,0,1,"Si",53241.88,0.22123561376871,195,0,0,"18-30 Jóvenes"
"EC-10190","Pichincha",65,33,"Broker Digital","Corporativo Empresarial",178.37,1,3,"No",59669.67,0.298929087424147,8,0,0,"56+ Adultos Mayores"
"EC-10191","Pichincha",50,17,"Asesor Directo","Individual Premium",71.33,0,3,"No",59669.67,0.119541468890309,399,0,0,"31-55 Adultos"
"EC-10192","Pichincha",19,22,"Asesor Directo","Individual Premium",87.05,2,4,"No",59669.67,0.145886511522521,337,0,0,"18-30 Jóvenes"
"EC-10193","Manabí",23,7,"Asesor Directo","Corporativo Empresarial",30.02,1,4,"Si",11778.96,0.254861210157773,108,0,0,"18-30 Jóvenes"
"EC-10194","Pichincha",50,21,"Banca Seguros","Corporativo Empresarial",15.41,1,4,"Si",59669.67,0.0258255157100752,592,0,0,"31-55 Adultos"
"EC-10195","Pichincha",35,47,"Banca Seguros","Familiar Estándar",151.07,1,3,"Si",59669.67,0.253177200410192,100,0,0,"31-55 Adultos"
"EC-10196","Pichincha",51,37,"Banca Seguros","Corporativo Empresarial",94.54,0,2,"Si",59669.67,0.158438952318657,314,0,0,"31-55 Adultos"
"EC-10197","Guayas",43,19,"Banca Seguros","Individual Premium",115.43,0,3,"Si",53241.88,0.216803012966484,205,0,0,"31-55 Adultos"
"EC-10198","Guayas",26,57,"Asesor Directo","Corporativo Empresarial",37.38,0,3,"No",53241.88,0.0702078889776244,449,0,0,"18-30 Jóvenes"
"EC-10199","Pichincha",27,23,"Broker Digital","Individual Premium",17,2,3,"Si",59669.67,0.0284901860526462,586,0,0,"18-30 Jóvenes"
"EC-10200","Manabí",40,35,"Asesor Directo","Familiar Estándar",165.36,2,5,"Si",11778.96,1.40385908433342,7,0,0,"31-55 Adultos"
"EC-10201","Guayas",69,15,"Broker Digital","Familiar Estándar",21.41,0,4,"No",53241.88,0.0402127047354451,503,0,0,"56+ Adultos Mayores"
"EC-10202","Pichincha",32,39,"Asesor Directo","Individual Premium",22.94,0,3,"No",59669.67,0.0384449922381002,564,0,0,"31-55 Adultos"
"EC-10203","Tungurahua",26,38,"Broker Digital","Familiar Estándar",47.84,0,3,"Si",6921.02,0.691227593620593,57,0,0,"18-30 Jóvenes"
"EC-10204","Guayas",43,37,"Banca Seguros","Familiar Estándar",163.61,2,5,"No",53241.88,0.307295685276328,61,0,0,"31-55 Adultos"
"EC-10205","Guayas",60,47,"Asesor Directo","Individual Premium",95.73,1,4,"No",53241.88,0.179802065591974,277,0,0,"56+ Adultos Mayores"
"EC-10206","Pichincha",54,12,"Asesor Directo","Individual Premium",41.2,1,4,"Si",59669.67,0.0690468038452366,508,0,0,"31-55 Adultos"
"EC-10207","Tungurahua",47,16,"Broker Digital","Individual Premium",21.88,0,4,"No",6921.02,0.316138372667613,68,0,0,"31-55 Adultos"
"EC-10208","Azuay",34,24,"Asesor Directo","Familiar Estándar",113.88,1,4,"No",16510.84,0.689728687335108,73,0,0,"31-55 Adultos"
"EC-10209","Guayas",25,58,"Banca Seguros","Corporativo Empresarial",108.92,0,3,"Si",53241.88,0.204575796346786,228,0,0,"18-30 Jóvenes"
"EC-10210","Guayas",28,44,"Asesor Directo","Familiar Estándar",106.84,0,3,"Si",53241.88,0.200669097334655,235,0,0,"18-30 Jóvenes"
"EC-10211","Pichincha",65,39,"Banca Seguros","Individual Premium",108.2,0,4,"Si",59669.67,0.181331654758607,265,0,0,"56+ Adultos Mayores"
"EC-10212","Pichincha",22,24,"Asesor Directo","Individual Premium",74.87,0,2,"No",59669.67,0.125474131162448,381,0,0,"18-30 Jóvenes"
"EC-10213","Pichincha",56,51,"Banca Seguros","Individual Premium",148.19,0,1,"Si",59669.67,0.248350627714214,110,0,0,"56+ Adultos Mayores"
"EC-10214","Manabí",31,1,"Banca Seguros","Individual Premium",82.71,1,4,"Si",11778.96,0.702184233582591,73,0,0,"31-55 Adultos"
"EC-10215","Guayas",21,32,"Banca Seguros","Familiar Estándar",132.74,0,4,"No",53241.88,0.249315012918402,156,0,0,"18-30 Jóvenes"
"EC-10216","Pichincha",48,25,"Asesor Directo","Familiar Estándar",175.82,0,5,"Si",59669.67,0.29465555951625,19,0,0,"31-55 Adultos"
"EC-10217","Pichincha",64,58,"Banca Seguros","Familiar Estándar",121.53,1,4,"Si",59669.67,0.203671312410476,216,0,0,"56+ Adultos Mayores"
"EC-10218","Pichincha",61,1,"Banca Seguros","Individual Premium",136.79,1,3,"No",59669.67,0.229245444125969,151,0,0,"56+ Adultos Mayores"
"EC-10219","Pichincha",38,33,"Banca Seguros","Familiar Estándar",117.74,0,4,"No",59669.67,0.197319676814033,233,0,0,"31-55 Adultos"
"EC-10220","Pichincha",36,10,"Banca Seguros","Corporativo Empresarial",162.52,0,1,"Si",59669.67,0.272366178663297,66,0,0,"31-55 Adultos"
"EC-10221","Guayas",44,9,"Banca Seguros","Familiar Estándar",169.48,0,4,"No",53241.88,0.318320840661524,40,0,0,"31-55 Adultos"
"EC-10222","Pichincha",28,9,"Banca Seguros","Corporativo Empresarial",60.76,0,2,"Si",59669.67,0.101827276738752,442,0,0,"18-30 Jóvenes"
"EC-10223","Guayas",43,34,"Banca Seguros","Individual Premium",129.35,0,3,"No",53241.88,0.2429478448169,168,0,0,"31-55 Adultos"
"EC-10224","Pichincha",70,2,"Asesor Directo","Individual Premium",77.82,0,3,"Si",59669.67,0.130418016389231,367,0,0,"56+ Adultos Mayores"
"EC-10225","Azuay",43,35,"Banca Seguros","Familiar Estándar",125.25,0,3,"Si",16510.84,0.758592536781896,62,0,0,"31-55 Adultos"
"EC-10226","Guayas",39,12,"Asesor Directo","Familiar Estándar",27.3,1,3,"Si",53241.88,0.0512754245342201,486,0,0,"31-55 Adultos"
"EC-10227","Pichincha",42,47,"Broker Digital","Individual Premium",20.76,0,4,"No",59669.67,0.0347915448501726,574,0,0,"31-55 Adultos"
"EC-10228","Pichincha",34,58,"Asesor Directo","Individual Premium",118.62,0,2,"Si",59669.67,0.198794462915582,229,0,0,"31-55 Adultos"
"EC-10229","Pichincha",26,30,"Banca Seguros","Corporativo Empresarial",137.9,0,3,"Si",59669.67,0.231105685685877,149,0,0,"18-30 Jóvenes"
"EC-10230","Guayas",61,46,"Banca Seguros","Familiar Estándar",107.58,2,4,"Si",53241.88,0.202058980637047,232,0,0,"56+ Adultos Mayores"
"EC-10231","Pichincha",22,28,"Banca Seguros","Familiar Estándar",73.2,0,3,"No",59669.67,0.1226753893561,391,0,0,"18-30 Jóvenes"
"EC-10232","Pichincha",49,34,"Banca Seguros","Individual Premium",42.92,1,3,"No",59669.67,0.0719293403164455,503,0,0,"31-55 Adultos"
"EC-10233","Guayas",48,32,"Banca Seguros","Familiar Estándar",62.56,1,3,"Si",53241.88,0.117501485672557,378,0,0,"31-55 Adultos"
"EC-10234","Manabí",56,59,"Banca Seguros","Familiar Estándar",79.89,0,3,"No",11778.96,0.678243240489823,75,0,0,"56+ Adultos Mayores"
"EC-10235","Guayas",65,49,"Banca Seguros","Familiar Estándar",44.8,0,4,"No",53241.88,0.0841442864151303,429,0,0,"56+ Adultos Mayores"
"EC-10236","Tungurahua",38,2,"Broker Digital","Individual Premium",32.22,2,5,"Si",6921.02,0.465538316606512,60,0,0,"31-55 Adultos"
"EC-10237","Pichincha",24,46,"Asesor Directo","Familiar Estándar",117.41,0,2,"Si",59669.67,0.196766632025952,234,0,0,"18-30 Jóvenes"
"EC-10238","Pichincha",43,4,"Broker Digital","Individual Premium",84.02,2,3,"No",59669.67,0.140808554831961,347,0,0,"31-55 Adultos"
"EC-10239","Manabí",52,13,"Asesor Directo","Individual Premium",174.29,0,4,"No",11778.96,1.47967222912719,4,0,0,"31-55 Adultos"
"EC-10240","Tungurahua",23,44,"Asesor Directo","Individual Premium",143.46,1,5,"No",6921.02,2.07281585662229,23,0,0,"18-30 Jóvenes"
"EC-10241","Guayas",53,11,"Banca Seguros","Familiar Estándar",148.86,0,5,"No",53241.88,0.279591930262418,110,0,0,"31-55 Adultos"
"EC-10242","Tungurahua",28,19,"Broker Digital","Familiar Estándar",92.73,0,4,"No",6921.02,1.33983141213289,37,0,0,"18-30 Jóvenes"
"EC-10243","Azuay",62,55,"Broker Digital","Familiar Estándar",86.34,0,4,"No",16510.84,0.522929178648694,98,0,0,"56+ Adultos Mayores"
"EC-10244","Guayas",25,31,"Asesor Directo","Individual Premium",108.44,0,3,"No",53241.88,0.203674250420909,231,0,0,"18-30 Jóvenes"
"EC-10245","Guayas",53,41,"Asesor Directo","Familiar Estándar",140.11,0,4,"No",53241.88,0.263157499321962,135,0,0,"31-55 Adultos"
"EC-10246","Azuay",69,60,"Banca Seguros","Corporativo Empresarial",70.51,0,5,"No",16510.84,0.427052772602727,113,0,0,"56+ Adultos Mayores"
"EC-10247","Pichincha",34,52,"Banca Seguros","Individual Premium",117.1,2,3,"No",59669.67,0.196247105103816,237,0,0,"31-55 Adultos"
"EC-10248","Pichincha",70,28,"Broker Digital","Individual Premium",157.31,0,3,"No",59669.67,0.26363477458481,81,0,0,"56+ Adultos Mayores"
"EC-10249","Pichincha",59,59,"Broker Digital","Corporativo Empresarial",120.01,0,2,"No",59669.67,0.20112395459871,223,0,0,"56+ Adultos Mayores"
"EC-10250","Guayas",32,53,"Banca Seguros","Familiar Estándar",101.42,1,2,"No",53241.88,0.190489141254967,252,0,0,"31-55 Adultos"
"EC-10251","Pichincha",68,26,"Broker Digital","Familiar Estándar",31.4,0,2,"Si",59669.67,0.0526230495325347,537,0,0,"56+ Adultos Mayores"
"EC-10252","Pichincha",56,12,"Banca Seguros","Familiar Estándar",146.5,1,4,"No",59669.67,0.245518368041921,116,0,0,"56+ Adultos Mayores"
"EC-10253","Guayas",29,45,"Banca Seguros","Corporativo Empresarial",78.4,0,2,"No",53241.88,0.147252501226478,328,0,0,"18-30 Jóvenes"
"EC-10254","Guayas",64,20,"Asesor Directo","Individual Premium",55.33,0,4,"No",53241.88,0.103921950164044,400,0,0,"56+ Adultos Mayores"
"EC-10255","Pichincha",61,18,"Banca Seguros","Familiar Estándar",153.54,0,3,"Si",59669.67,0.257316656854311,92,0,0,"56+ Adultos Mayores"
"EC-10256","Guayas",53,59,"Banca Seguros","Familiar Estándar",172.63,0,4,"No",53241.88,0.324237235800088,24,0,0,"31-55 Adultos"
"EC-10257","Manabí",30,5,"Asesor Directo","Familiar Estándar",176.68,0,4,"Si",11778.96,1.499962645259,2,0,0,"18-30 Jóvenes"
"EC-10258","Azuay",27,2,"Asesor Directo","Familiar Estándar",32.73,0,4,"Si",16510.84,0.198233403024922,147,0,0,"18-30 Jóvenes"
"EC-10259","Guayas",38,38,"Asesor Directo","Corporativo Empresarial",44.39,0,3,"Si",53241.88,0.0833742159367776,430,0,0,"31-55 Adultos"
"EC-10260","Guayas",68,22,"Banca Seguros","Corporativo Empresarial",117.03,0,5,"No",53241.88,0.219808166052739,198,0,0,"56+ Adultos Mayores"
"EC-10261","Guayas",23,45,"Banca Seguros","Corporativo Empresarial",109.75,1,1,"Si",53241.88,0.20613471951028,224,0,0,"18-30 Jóvenes"
"EC-10262","Tungurahua",38,19,"Banca Seguros","Individual Premium",53.49,2,5,"Si",6921.02,0.772862959505969,52,0,0,"31-55 Adultos"
"EC-10263","Pichincha",55,10,"Banca Seguros","Individual Premium",94.07,0,4,"No",59669.67,0.157651282468966,317,0,0,"31-55 Adultos"
"EC-10264","Guayas",70,9,"Broker Digital","Corporativo Empresarial",88.49,1,3,"Si",53241.88,0.166203747876672,299,0,0,"56+ Adultos Mayores"
"EC-10265","Pichincha",45,16,"Banca Seguros","Familiar Estándar",165.65,0,3,"Si",59669.67,0.277611724683579,54,0,0,"31-55 Adultos"
"EC-10266","Guayas",61,31,"Banca Seguros","Familiar Estándar",166.94,0,1,"Si",53241.88,0.313550160137095,49,0,0,"56+ Adultos Mayores"
"EC-10267","Guayas",57,6,"Asesor Directo","Individual Premium",86.23,0,4,"No",53241.88,0.161958969142337,307,0,0,"56+ Adultos Mayores"
"EC-10268","Guayas",28,16,"Asesor Directo","Individual Premium",99.44,1,4,"No",53241.88,0.186770264310727,258,0,0,"18-30 Jóvenes"
"EC-10269","Guayas",45,9,"Asesor Directo","Familiar Estándar",65.41,0,2,"No",53241.88,0.122854414607448,370,0,0,"31-55 Adultos"
"EC-10270","Guayas",39,11,"Banca Seguros","Corporativo Empresarial",93.3,2,5,"Si",53241.88,0.175237989342225,283,0,0,"31-55 Adultos"
"EC-10271","Guayas",43,10,"Asesor Directo","Individual Premium",73.54,1,3,"No",53241.88,0.13812434872698,344,0,0,"31-55 Adultos"
"EC-10272","Pichincha",64,54,"Asesor Directo","Familiar Estándar",124.11,0,4,"No",59669.67,0.207995117117289,200,0,0,"56+ Adultos Mayores"
"EC-10273","Pichincha",45,55,"Asesor Directo","Corporativo Empresarial",16.05,0,3,"No",59669.67,0.0268980874202924,590,0,0,"31-55 Adultos"
"EC-10274","Guayas",57,44,"Banca Seguros","Familiar Estándar",144.7,0,4,"No",53241.88,0.271778532238155,126,0,0,"56+ Adultos Mayores"
"EC-10275","Guayas",58,56,"Banca Seguros","Individual Premium",164.37,0,5,"No",53241.88,0.308723132992299,60,0,0,"56+ Adultos Mayores"
"EC-10276","Azuay",63,20,"Broker Digital","Individual Premium",39.37,0,4,"No",16510.84,0.238449406571683,139,0,0,"56+ Adultos Mayores"
"EC-10277","Guayas",53,31,"Asesor Directo","Individual Premium",166.49,1,3,"No",53241.88,0.312704960831586,54,0,0,"31-55 Adultos"
"EC-10278","Guayas",30,50,"Banca Seguros","Individual Premium",65.45,0,5,"No",53241.88,0.122929543434605,369,0,0,"18-30 Jóvenes"
"EC-10279","Pichincha",39,50,"Broker Digital","Familiar Estándar",49.55,0,4,"No",59669.67,0.0830405128769775,482,0,0,"31-55 Adultos"
"EC-10280","Guayas",27,31,"Banca Seguros","Individual Premium",178.63,0,5,"No",53241.88,0.335506559873543,4,0,0,"18-30 Jóvenes"
"EC-10281","Azuay",45,11,"Broker Digital","Familiar Estándar",154.25,0,4,"No",16510.84,0.934234720946966,30,0,0,"31-55 Adultos"
"EC-10282","Guayas",19,52,"Banca Seguros","Familiar Estándar",53.95,0,3,"No",53241.88,0.101330005627149,406,0,0,"18-30 Jóvenes"
"EC-10283","Guayas",46,11,"Banca Seguros","Corporativo Empresarial",150.33,0,3,"Si",53241.88,0.282352914660414,106,0,0,"31-55 Adultos"
"EC-10284","Azuay",34,25,"Banca Seguros","Familiar Estándar",156.98,0,5,"No",16510.84,0.950769312766643,24,0,0,"31-55 Adultos"
"EC-10285","Guayas",70,40,"Asesor Directo","Familiar Estándar",24.78,1,4,"Si",53241.88,0.046542308423369,496,0,0,"56+ Adultos Mayores"
"EC-10286","Pichincha",68,52,"Asesor Directo","Familiar Estándar",57.51,1,4,"No",59669.67,0.0963806235228048,457,0,0,"56+ Adultos Mayores"
"EC-10287","Pichincha",29,8,"Banca Seguros","Individual Premium",18.14,0,5,"No",59669.67,0.0304007044114707,584,0,0,"18-30 Jóvenes"
"EC-10288","Manabí",51,33,"Banca Seguros","Corporativo Empresarial",152.64,0,4,"No",11778.96,1.29586992400008,16,0,0,"31-55 Adultos"
"EC-10289","Azuay",50,20,"Banca Seguros","Familiar Estándar",130.96,0,5,"No",16510.84,0.793175877181294,55,0,0,"31-55 Adultos"
"EC-10290","Pichincha",50,39,"Broker Digital","Individual Premium",116.57,1,4,"No",59669.67,0.195358881656292,241,0,0,"31-55 Adultos"
"EC-10291","Manabí",29,50,"Broker Digital","Familiar Estándar",26.72,0,3,"Si",11778.96,0.226845154410916,114,0,0,"18-30 Jóvenes"
"EC-10292","Guayas",45,42,"Banca Seguros","Familiar Estándar",75.2,0,5,"No",53241.88,0.141242195053969,341,0,0,"31-55 Adultos"
"EC-10293","Manabí",56,25,"Asesor Directo","Corporativo Empresarial",130.84,0,3,"No",11778.96,1.11079416179357,36,0,0,"56+ Adultos Mayores"
"EC-10294","Azuay",61,40,"Asesor Directo","Corporativo Empresarial",149.56,0,3,"No",16510.84,0.905829140128546,33,0,0,"56+ Adultos Mayores"
"EC-10295","Guayas",43,56,"Broker Digital","Familiar Estándar",44.86,0,5,"No",53241.88,0.0842569796558649,428,0,0,"31-55 Adultos"
"EC-10296","Guayas",19,22,"Broker Digital","Corporativo Empresarial",34.27,0,5,"No",53241.88,0.0643666226662169,458,0,0,"18-30 Jóvenes"
"EC-10297","Guayas",66,55,"Banca Seguros","Corporativo Empresarial",31.51,1,5,"No",53241.88,0.0591827335924276,471,0,0,"56+ Adultos Mayores"
"EC-10298","Pichincha",58,42,"Broker Digital","Familiar Estándar",119.21,2,3,"No",59669.67,0.199783239960938,225,0,0,"56+ Adultos Mayores"
"EC-10299","Guayas",68,47,"Asesor Directo","Familiar Estándar",164.97,0,4,"No",53241.88,0.309850065399644,57,0,0,"56+ Adultos Mayores"
"EC-10300","Guayas",56,40,"Broker Digital","Familiar Estándar",79.8,0,4,"Si",53241.88,0.149882010176951,324,0,0,"56+ Adultos Mayores"
"EC-10301","Guayas",68,26,"Banca Seguros","Familiar Estándar",114.17,1,1,"Si",53241.88,0.214436454911059,212,0,0,"56+ Adultos Mayores"
"EC-10302","Guayas",70,15,"Asesor Directo","Individual Premium",53.25,0,3,"Si",53241.88,0.100015251151913,408,0,0,"56+ Adultos Mayores"
"EC-10303","Pichincha",26,7,"Asesor Directo","Individual Premium",69.79,3,3,"Si",59669.67,0.116960593212599,403,0,0,"18-30 Jóvenes"
"EC-10304","Azuay",36,58,"Banca Seguros","Individual Premium",24.29,0,4,"Si",16510.84,0.147115470805846,155,0,0,"31-55 Adultos"
"EC-10305","Pichincha",52,21,"Asesor Directo","Individual Premium",65.16,4,3,"Si",59669.67,0.109201207246496,421,0,0,"31-55 Adultos"
"EC-10306","Guayas",23,3,"Banca Seguros","Familiar Estándar",62.28,0,3,"No",53241.88,0.116975583882462,380,0,0,"18-30 Jóvenes"
"EC-10307","Pichincha",62,37,"Broker Digital","Familiar Estándar",118.29,0,1,"No",59669.67,0.198241418127501,231,0,0,"56+ Adultos Mayores"
"EC-10308","Guayas",39,35,"Asesor Directo","Familiar Estándar",95.1,0,3,"No",53241.88,0.178618786564261,278,0,0,"31-55 Adultos"
"EC-10309","Azuay",36,55,"Broker Digital","Familiar Estándar",133.03,1,4,"No",16510.84,0.805713095154456,53,0,0,"31-55 Adultos"
"EC-10310","Manabí",45,34,"Banca Seguros","Individual Premium",118.91,0,4,"No",11778.96,1.00951187541175,45,0,0,"31-55 Adultos"
"EC-10311","Guayas",54,6,"Asesor Directo","Familiar Estándar",148.81,0,5,"Si",53241.88,0.279498019228472,111,0,0,"31-55 Adultos"
"EC-10312","Pichincha",38,25,"Banca Seguros","Familiar Estándar",94.85,1,4,"No",59669.67,0.158958479240794,313,0,0,"31-55 Adultos"
"EC-10313","Azuay",65,18,"Banca Seguros","Corporativo Empresarial",129.22,1,2,"No",16510.84,0.78263734613139,57,0,0,"56+ Adultos Mayores"
"EC-10314","Pichincha",62,14,"Banca Seguros","Familiar Estándar",110.22,1,4,"No",59669.67,0.18471695921898,261,0,0,"56+ Adultos Mayores"
"EC-10315","Azuay",26,58,"Asesor Directo","Individual Premium",25.51,0,5,"No",16510.84,0.15450455579486,154,0,0,"18-30 Jóvenes"
"EC-10316","Guayas",50,11,"Banca Seguros","Familiar Estándar",47.09,2,3,"Si",53241.88,0.0884454117698323,425,0,0,"31-55 Adultos"
"EC-10317","Guayas",26,9,"Banca Seguros","Corporativo Empresarial",25.65,0,3,"Si",53241.88,0.0481763604140199,491,0,0,"18-30 Jóvenes"
"EC-10318","Guayas",50,53,"Broker Digital","Individual Premium",171.4,0,4,"No",53241.88,0.32192702436503,29,0,0,"31-55 Adultos"
"EC-10319","Guayas",53,37,"Asesor Directo","Individual Premium",49.44,0,5,"No",53241.88,0.0928592303652688,420,0,0,"31-55 Adultos"
"EC-10320","Manabí",32,46,"Asesor Directo","Familiar Estándar",59.68,1,4,"No",11778.96,0.506666123324979,93,0,0,"31-55 Adultos"
"EC-10321","Guayas",24,10,"Banca Seguros","Individual Premium",170.88,0,4,"Si",53241.88,0.320950349611997,30,0,0,"18-30 Jóvenes"
"EC-10322","Pichincha",44,36,"Banca Seguros","Corporativo Empresarial",47.12,0,3,"Si",59669.67,0.0789680921647463,492,0,0,"31-55 Adultos"
"EC-10323","Manabí",34,25,"Asesor Directo","Corporativo Empresarial",134.69,0,4,"Si",11778.96,1.1434795601649,33,0,0,"31-55 Adultos"
"EC-10324","Pichincha",32,56,"Asesor Directo","Familiar Estándar",160.86,2,3,"No",59669.67,0.269584195789921,69,0,0,"31-55 Adultos"
"EC-10325","Guayas",26,30,"Banca Seguros","Familiar Estándar",155.65,0,3,"No",53241.88,0.292345048672211,87,0,0,"18-30 Jóvenes"
"EC-10326","Azuay",44,3,"Banca Seguros","Familiar Estándar",15.06,0,3,"No",16510.84,0.0912128032250328,165,0,0,"31-55 Adultos"
"EC-10327","Guayas",34,5,"Asesor Directo","Individual Premium",99.51,0,3,"Si",53241.88,0.18690173975825,257,0,0,"31-55 Adultos"
"EC-10328","Pichincha",19,25,"Banca Seguros","Familiar Estándar",123.27,4,4,"Si",59669.67,0.206587366747629,206,0,0,"18-30 Jóvenes"
"EC-10329","Guayas",48,45,"Broker Digital","Individual Premium",151.39,1,5,"Si",53241.88,0.284343828580058,99,0,0,"31-55 Adultos"
"EC-10330","Guayas",49,54,"Asesor Directo","Individual Premium",106.65,0,5,"No",53241.88,0.200312235405662,237,0,0,"31-55 Adultos"
"EC-10331","Guayas",65,44,"Banca Seguros","Familiar Estándar",39.89,2,3,"No",53241.88,0.0749222228816864,444,0,0,"56+ Adultos Mayores"
"EC-10332","Guayas",54,13,"Banca Seguros","Familiar Estándar",57.5,0,4,"Si",53241.88,0.107997689037277,394,0,0,"31-55 Adultos"
"EC-10333","Azuay",63,30,"Banca Seguros","Corporativo Empresarial",104.64,0,2,"No",16510.84,0.633765453483893,78,0,0,"56+ Adultos Mayores"
"EC-10334","Pichincha",56,30,"Banca Seguros","Individual Premium",29.96,1,4,"No",59669.67,0.0502097631845458,540,0,0,"56+ Adultos Mayores"
"EC-10335","Azuay",62,19,"Asesor Directo","Individual Premium",165.55,0,4,"No",16510.84,1.00267460650094,16,0,0,"56+ Adultos Mayores"
"EC-10336","Pichincha",20,11,"Broker Digital","Corporativo Empresarial",153.45,1,4,"No",59669.67,0.257165826457562,94,0,0,"18-30 Jóvenes"
"EC-10337","Guayas",26,10,"Banca Seguros","Individual Premium",33.88,0,3,"Si",53241.88,0.0636341166014423,460,0,0,"18-30 Jóvenes"
"EC-10338","Pichincha",65,44,"Banca Seguros","Familiar Estándar",129.4,2,2,"No",59669.67,0.216860592659554,182,1,129.4,"56+ Adultos Mayores"
"EC-10339","Guayas",62,41,"Banca Seguros","Individual Premium",170.79,0,5,"No",53241.88,0.320781309750895,31,0,0,"56+ Adultos Mayores"
"EC-10340","Pichincha",27,19,"Broker Digital","Individual Premium",118.23,0,4,"No",59669.67,0.198140864529668,232,0,0,"18-30 Jóvenes"
"EC-10341","Guayas",63,48,"Banca Seguros","Individual Premium",115.56,0,4,"No",53241.88,0.217047181654742,204,0,0,"56+ Adultos Mayores"
"EC-10342","Pichincha",56,25,"Broker Digital","Corporativo Empresarial",177.98,0,4,"No",59669.67,0.298275489038233,10,0,0,"56+ Adultos Mayores"
"EC-10343","Pichincha",26,21,"Banca Seguros","Corporativo Empresarial",151.02,1,4,"Si",59669.67,0.253093405745331,101,0,0,"18-30 Jóvenes"
"EC-10344","Azuay",65,21,"Banca Seguros","Corporativo Empresarial",112.53,1,3,"No",16510.84,0.681552240830872,74,0,0,"56+ Adultos Mayores"
"EC-10345","Pichincha",47,46,"Broker Digital","Familiar Estándar",81.31,0,2,"No",59669.67,0.136266883996509,356,0,0,"31-55 Adultos"
"EC-10346","Pichincha",34,57,"Asesor Directo","Individual Premium",170.83,0,5,"Si",59669.67,0.28629285196315,33,0,0,"31-55 Adultos"
"EC-10347","Pichincha",42,50,"Broker Digital","Individual Premium",134.7,1,4,"No",59669.67,0.225742827134791,162,0,0,"31-55 Adultos"
"EC-10348","Guayas",43,38,"Asesor Directo","Individual Premium",146.32,0,3,"Si",53241.88,0.274821249737988,121,0,0,"31-55 Adultos"
"EC-10349","Pichincha",44,31,"Broker Digital","Familiar Estándar",115.72,0,4,"No",59669.67,0.19393437235366,243,0,0,"31-55 Adultos"
"EC-10350","Guayas",41,21,"Asesor Directo","Individual Premium",33.64,0,3,"No",53241.88,0.0631833436385041,462,0,0,"31-55 Adultos"
"EC-10351","Tungurahua",41,44,"Broker Digital","Familiar Estándar",53.12,0,3,"Si",6921.02,0.767516926695776,53,0,0,"31-55 Adultos"
"EC-10352","Pichincha",52,52,"Broker Digital","Corporativo Empresarial",52.89,0,4,"No",59669.67,0.0886379964896739,467,0,0,"31-55 Adultos"
"EC-10353","Pichincha",36,42,"Broker Digital","Familiar Estándar",56.34,0,4,"Si",59669.67,0.0944198283650639,461,0,0,"31-55 Adultos"
"EC-10354","Guayas",23,26,"Banca Seguros","Familiar Estándar",90.72,0,4,"No",53241.88,0.170392179990639,294,0,0,"18-30 Jóvenes"
"EC-10355","Manabí",27,1,"Banca Seguros","Corporativo Empresarial",103.68,1,4,"No",11778.96,0.880213533283074,57,0,0,"18-30 Jóvenes"
"EC-10356","Manabí",34,55,"Banca Seguros","Familiar Estándar",144.68,1,5,"No",11778.96,1.22829180165312,23,0,0,"31-55 Adultos"
"EC-10357","Pichincha",65,44,"Broker Digital","Corporativo Empresarial",136.57,3,4,"No",59669.67,0.228876747600582,153,0,0,"56+ Adultos Mayores"
"EC-10358","Guayas",47,34,"Broker Digital","Familiar Estándar",79.25,1,4,"No",53241.88,0.148848988803551,327,0,0,"31-55 Adultos"
"EC-10359","Guayas",51,6,"Asesor Directo","Individual Premium",156.14,0,4,"No",53241.88,0.293265376804876,85,0,0,"31-55 Adultos"
"EC-10360","Pichincha",63,38,"Banca Seguros","Familiar Estándar",132.6,0,2,"No",59669.67,0.22222345121064,172,0,0,"56+ Adultos Mayores"
"EC-10361","Pichincha",20,40,"Banca Seguros","Individual Premium",100.63,2,2,"Si",59669.67,0.168645142498693,290,1,100.63,"18-30 Jóvenes"
"EC-10362","Manabí",37,23,"Asesor Directo","Familiar Estándar",50.36,0,3,"Si",11778.96,0.427541990124765,97,0,0,"31-55 Adultos"
"EC-10363","Pichincha",45,1,"Broker Digital","Familiar Estándar",89.35,0,3,"Si",59669.67,0.149741066106114,329,0,0,"31-55 Adultos"
"EC-10364","Guayas",51,27,"Banca Seguros","Individual Premium",75.37,3,5,"Si",53241.88,0.141561492569383,338,0,0,"31-55 Adultos"
"EC-10365","Pichincha",34,53,"Asesor Directo","Individual Premium",94.18,0,3,"No",59669.67,0.15783563073166,316,0,0,"31-55 Adultos"
"EC-10366","Azuay",31,37,"Banca Seguros","Familiar Estándar",44.13,0,4,"No",16510.84,0.267278951282915,135,0,0,"31-55 Adultos"
"EC-10367","Manabí",43,33,"Asesor Directo","Individual Premium",105.38,2,4,"Si",11778.96,0.894646046849637,56,0,0,"31-55 Adultos"
"EC-10368","Guayas",36,32,"Banca Seguros","Corporativo Empresarial",85.02,0,5,"No",53241.88,0.159686322120857,310,0,0,"31-55 Adultos"
"EC-10369","Manabí",39,25,"Broker Digital","Familiar Estándar",100.94,0,2,"Si",11778.96,0.85695171729932,61,0,0,"31-55 Adultos"
"EC-10370","Guayas",26,42,"Asesor Directo","Corporativo Empresarial",26.35,1,3,"No",53241.88,0.0494911148892564,488,0,0,"18-30 Jóvenes"
"EC-10371","Guayas",29,8,"Asesor Directo","Individual Premium",109.46,1,5,"Si",53241.88,0.205590035513397,225,0,0,"18-30 Jóvenes"
"EC-10372","Manabí",48,46,"Banca Seguros","Corporativo Empresarial",83.13,0,4,"No",11778.96,0.705749913404919,72,0,0,"31-55 Adultos"
"EC-10373","Guayas",34,59,"Banca Seguros","Familiar Estándar",110.76,0,4,"Si",53241.88,0.208031722395979,222,0,0,"31-55 Adultos"
"EC-10374","Guayas",61,25,"Banca Seguros","Familiar Estándar",179.86,0,3,"No",53241.88,0.337816771308601,1,0,0,"56+ Adultos Mayores"
"EC-10375","Pichincha",70,52,"Banca Seguros","Individual Premium",92.86,0,3,"Si",59669.67,0.155623451579337,322,0,0,"56+ Adultos Mayores"
"EC-10376","Guayas",20,14,"Broker Digital","Individual Premium",71.68,3,4,"Si",53241.88,0.134630858264209,350,0,0,"18-30 Jóvenes"
"EC-10377","Pichincha",20,41,"Banca Seguros","Familiar Estándar",32.64,0,5,"No",59669.67,0.0547011572210807,532,0,0,"18-30 Jóvenes"
"EC-10378","Pichincha",22,49,"Banca Seguros","Familiar Estándar",19.79,0,4,"No",59669.67,0.0331659283518746,577,0,0,"18-30 Jóvenes"
"EC-10379","Pichincha",64,32,"Broker Digital","Individual Premium",99.5,0,3,"No",59669.67,0.166751383072841,298,0,0,"56+ Adultos Mayores"
"EC-10380","Guayas",29,50,"Asesor Directo","Corporativo Empresarial",149.56,0,3,"No",53241.88,0.280906684737654,109,0,0,"18-30 Jóvenes"
"EC-10381","Manabí",56,8,"Broker Digital","Corporativo Empresarial",113.12,2,3,"Si",11778.96,0.960356432146811,51,0,0,"56+ Adultos Mayores"
"EC-10382","Pichincha",49,10,"Broker Digital","Individual Premium",99.51,0,4,"No",59669.67,0.166768142005813,297,0,0,"31-55 Adultos"
"EC-10383","Guayas",21,18,"Banca Seguros","Individual Premium",172.03,0,1,"Si",53241.88,0.323110303392743,26,0,0,"18-30 Jóvenes"
"EC-10384","Tungurahua",31,13,"Asesor Directo","Corporativo Empresarial",68.41,0,4,"No",6921.02,0.988438120392659,46,0,0,"31-55 Adultos"
"EC-10385","Guayas",44,20,"Banca Seguros","Familiar Estándar",92.74,0,4,"No",53241.88,0.174186185762035,285,0,0,"31-55 Adultos"
"EC-10386","Guayas",62,52,"Banca Seguros","Individual Premium",173.98,0,5,"No",53241.88,0.326772833716616,20,0,0,"56+ Adultos Mayores"
"EC-10387","Pichincha",51,33,"Banca Seguros","Individual Premium",48.95,0,1,"Si",59669.67,0.0820349768986488,484,0,0,"31-55 Adultos"
"EC-10388","Pichincha",65,6,"Asesor Directo","Individual Premium",45.69,0,4,"No",59669.67,0.0765715647497296,496,0,0,"56+ Adultos Mayores"
"EC-10389","Guayas",59,48,"Broker Digital","Familiar Estándar",16.79,2,3,"No",53241.88,0.0315353251988848,520,0,0,"56+ Adultos Mayores"
"EC-10390","Manabí",22,12,"Asesor Directo","Familiar Estándar",157.24,2,4,"Si",11778.96,1.33492260776843,13,0,0,"18-30 Jóvenes"
"EC-10391","Azuay",32,54,"Banca Seguros","Familiar Estándar",96.42,0,5,"No",16510.84,0.583979979213656,91,0,0,"31-55 Adultos"
"EC-10392","Pichincha",49,4,"Banca Seguros","Individual Premium",28.61,0,3,"No",59669.67,0.0479473072333063,545,0,0,"31-55 Adultos"
"EC-10393","Pichincha",52,22,"Asesor Directo","Familiar Estándar",16.39,0,3,"Si",59669.67,0.0274678911413453,587,0,0,"31-55 Adultos"
"EC-10394","Pichincha",53,15,"Asesor Directo","Corporativo Empresarial",104.89,0,4,"No",59669.67,0.175784447944827,277,0,0,"31-55 Adultos"
"EC-10395","Guayas",64,36,"Asesor Directo","Familiar Estándar",41.9,0,2,"No",53241.88,0.0786974464462938,439,0,0,"56+ Adultos Mayores"
"EC-10396","Pichincha",33,60,"Banca Seguros","Familiar Estándar",149.67,0,4,"Si",59669.67,0.250830949794091,104,0,0,"31-55 Adultos"
"EC-10397","Azuay",33,18,"Banca Seguros","Individual Premium",19,0,3,"No",16510.84,0.115075913763322,159,0,0,"31-55 Adultos"
"EC-10398","Guayas",49,26,"Asesor Directo","Familiar Estándar",68.44,0,5,"No",53241.88,0.128545423264543,355,0,0,"31-55 Adultos"
"EC-10399","Pichincha",48,34,"Banca Seguros","Corporativo Empresarial",77.22,1,4,"No",59669.67,0.129412480410902,371,0,0,"31-55 Adultos"
"EC-10400","Pichincha",38,43,"Asesor Directo","Familiar Estándar",75.97,0,2,"No",59669.67,0.127317613789384,377,0,0,"31-55 Adultos"
"EC-10401","Guayas",32,9,"Banca Seguros","Individual Premium",150.39,0,2,"Si",53241.88,0.282465607901148,105,0,0,"31-55 Adultos"
"EC-10402","Guayas",44,58,"Asesor Directo","Familiar Estándar",135.19,0,2,"No",53241.88,0.253916653581729,151,0,0,"31-55 Adultos"
"EC-10403","Pichincha",43,53,"Banca Seguros","Familiar Estándar",145.13,0,4,"No",59669.67,0.243222394224738,118,0,0,"31-55 Adultos"
"EC-10404","Guayas",68,38,"Asesor Directo","Corporativo Empresarial",114.82,4,3,"Si",53241.88,0.21565729835235,208,0,0,"56+ Adultos Mayores"
"EC-10405","Pichincha",58,31,"Banca Seguros","Corporativo Empresarial",42.23,0,4,"No",59669.67,0.0707729739413675,505,0,0,"56+ Adultos Mayores"
"EC-10406","Pichincha",39,36,"Banca Seguros","Individual Premium",97.27,0,2,"No",59669.67,0.163014141020053,302,0,0,"31-55 Adultos"
"EC-10407","Guayas",66,55,"Banca Seguros","Individual Premium",117.69,3,4,"Si",53241.88,0.221047791700819,197,0,0,"56+ Adultos Mayores"
"EC-10408","Pichincha",31,38,"Asesor Directo","Corporativo Empresarial",59.53,1,3,"No",59669.67,0.099765927983178,450,0,0,"31-55 Adultos"
"EC-10409","Guayas",58,50,"Broker Digital","Corporativo Empresarial",54.3,2,3,"Si",53241.88,0.101987382864767,405,0,0,"56+ Adultos Mayores"
"EC-10410","Tungurahua",24,29,"Broker Digital","Individual Premium",113.16,0,4,"No",6921.02,1.63501911567948,28,0,0,"18-30 Jóvenes"
"EC-10411","Guayas",28,9,"Banca Seguros","Individual Premium",139.62,2,4,"No",53241.88,0.262237171189297,137,0,0,"18-30 Jóvenes"
"EC-10412","Pichincha",27,54,"Asesor Directo","Individual Premium",160.04,0,4,"Si",59669.67,0.268209963286205,75,0,0,"18-30 Jóvenes"
"EC-10413","Guayas",52,12,"Banca Seguros","Individual Premium",67.34,1,2,"Si",53241.88,0.126479380517743,361,0,0,"31-55 Adultos"
"EC-10414","Pichincha",47,36,"Banca Seguros","Familiar Estándar",82.82,0,3,"Si",59669.67,0.138797482875303,350,0,0,"31-55 Adultos"
"EC-10415","Pichincha",22,52,"Asesor Directo","Corporativo Empresarial",134.01,0,4,"No",59669.67,0.224586460759713,166,0,0,"18-30 Jóvenes"
"EC-10416","Guayas",34,48,"Broker Digital","Familiar Estándar",179.86,1,4,"No",53241.88,0.337816771308601,1,0,0,"31-55 Adultos"
"EC-10417","Pichincha",70,39,"Banca Seguros","Corporativo Empresarial",45.57,0,3,"No",59669.67,0.0763704575540639,497,0,0,"56+ Adultos Mayores"
"EC-10418","Tungurahua",37,52,"Asesor Directo","Individual Premium",103.47,0,4,"No",6921.02,1.49501085100173,31,0,0,"31-55 Adultos"
"EC-10419","Pichincha",62,58,"Asesor Directo","Familiar Estándar",107.46,0,1,"No",59669.67,0.180091493718668,268,0,0,"56+ Adultos Mayores"
"EC-10420","Pichincha",31,1,"Asesor Directo","Individual Premium",76.79,0,4,"No",59669.67,0.1286918462931,373,0,0,"31-55 Adultos"
"EC-10421","Pichincha",29,17,"Broker Digital","Corporativo Empresarial",47.32,0,4,"No",59669.67,0.0793032708241893,488,0,0,"18-30 Jóvenes"
"EC-10422","Azuay",62,24,"Banca Seguros","Familiar Estándar",105.89,0,2,"Si",16510.84,0.641336237284111,77,0,0,"56+ Adultos Mayores"
"EC-10423","Guayas",37,43,"Banca Seguros","Individual Premium",68.45,0,3,"Si",53241.88,0.128564205471332,354,0,0,"31-55 Adultos"
"EC-10424","Pichincha",64,56,"Banca Seguros","Familiar Estándar",177.79,0,4,"Si",59669.67,0.297957069311763,12,0,0,"56+ Adultos Mayores"
"EC-10425","Pichincha",21,27,"Banca Seguros","Corporativo Empresarial",150.57,0,4,"No",59669.67,0.252339253761584,103,0,0,"18-30 Jóvenes"
"EC-10426","Pichincha",28,20,"Banca Seguros","Individual Premium",86.96,0,4,"Si",59669.67,0.145735681125771,338,0,0,"18-30 Jóvenes"
"EC-10427","Pichincha",19,3,"Broker Digital","Individual Premium",168.36,0,2,"Si",59669.67,0.28215339551903,35,0,0,"18-30 Jóvenes"
"EC-10428","Pichincha",62,13,"Asesor Directo","Corporativo Empresarial",178.52,0,4,"No",59669.67,0.299180471418729,7,0,0,"56+ Adultos Mayores"
"EC-10429","Azuay",56,58,"Banca Seguros","Individual Premium",102.94,1,2,"Si",16510.84,0.623469187515596,84,0,0,"56+ Adultos Mayores"
"EC-10430","Azuay",48,20,"Banca Seguros","Corporativo Empresarial",115.38,3,4,"Si",16510.84,0.69881362789537,71,0,0,"31-55 Adultos"
"EC-10431","Pichincha",61,19,"Asesor Directo","Individual Premium",135.41,0,2,"No",59669.67,0.226932711375813,158,0,0,"56+ Adultos Mayores"
"EC-10432","Guayas",27,19,"Banca Seguros","Corporativo Empresarial",96.72,0,1,"No",53241.88,0.181661504064094,270,0,0,"18-30 Jóvenes"
"EC-10433","Pichincha",47,60,"Broker Digital","Individual Premium",143.63,0,3,"No",59669.67,0.240708554278916,124,0,0,"31-55 Adultos"
"EC-10434","Azuay",44,20,"Asesor Directo","Familiar Estándar",94.01,1,4,"Si",16510.84,0.569383508046835,92,0,0,"31-55 Adultos"
"EC-10435","Guayas",60,9,"Asesor Directo","Corporativo Empresarial",53.95,0,4,"No",53241.88,0.101330005627149,406,0,0,"56+ Adultos Mayores"
"EC-10436","Azuay",53,7,"Broker Digital","Familiar Estándar",127.61,0,4,"No",16510.84,0.772886176596709,58,0,0,"31-55 Adultos"
"EC-10437","Pichincha",57,1,"Banca Seguros","Familiar Estándar",30.67,0,3,"No",59669.67,0.0513996474255681,538,0,0,"56+ Adultos Mayores"
"EC-10438","Tungurahua",30,38,"Banca Seguros","Individual Premium",161.37,1,4,"Si",6921.02,2.33159274211027,10,0,0,"18-30 Jóvenes"
"EC-10439","Pichincha",47,6,"Banca Seguros","Individual Premium",123.59,0,4,"Si",59669.67,0.207123652602738,204,0,0,"31-55 Adultos"
"EC-10440","Guayas",44,21,"Banca Seguros","Familiar Estándar",92.43,1,4,"No",53241.88,0.173603937351574,287,0,0,"31-55 Adultos"
"EC-10441","Pichincha",20,35,"Banca Seguros","Familiar Estándar",102.09,0,4,"No",59669.67,0.171091946712626,284,0,0,"18-30 Jóvenes"
"EC-10442","Pichincha",63,56,"Broker Digital","Corporativo Empresarial",147.87,0,4,"No",59669.67,0.247814341859105,111,0,0,"56+ Adultos Mayores"
"EC-10443","Pichincha",37,17,"Banca Seguros","Familiar Estándar",104.01,0,4,"Si",59669.67,0.174309661843278,279,0,0,"31-55 Adultos"
"EC-10444","Pichincha",27,41,"Banca Seguros","Familiar Estándar",45.26,0,4,"No",59669.67,0.0758509306319274,500,0,0,"18-30 Jóvenes"
"EC-10445","Guayas",61,32,"Broker Digital","Familiar Estándar",77.96,1,4,"No",53241.88,0.146426084127758,330,0,0,"56+ Adultos Mayores"
"EC-10446","Pichincha",64,10,"Banca Seguros","Familiar Estándar",166.86,0,3,"Si",59669.67,0.279639555573208,45,0,0,"56+ Adultos Mayores"
"EC-10447","Guayas",43,25,"Banca Seguros","Familiar Estándar",26.77,0,4,"No",53241.88,0.0502799675743982,487,0,0,"31-55 Adultos"
"EC-10448","Pichincha",21,51,"Asesor Directo","Corporativo Empresarial",67,0,4,"No",59669.67,0.11228485091337,411,0,0,"18-30 Jóvenes"
"EC-10449","Pichincha",30,45,"Banca Seguros","Corporativo Empresarial",168.04,0,4,"No",59669.67,0.281617109663921,38,0,0,"18-30 Jóvenes"
"EC-10450","Manabí",30,37,"Banca Seguros","Individual Premium",114.12,0,5,"No",11778.96,0.968846146009495,50,0,0,"18-30 Jóvenes"
"EC-10451","Guayas",58,53,"Asesor Directo","Familiar Estándar",77.44,1,4,"No",53241.88,0.145449409374725,331,0,0,"56+ Adultos Mayores"
"EC-10452","Pichincha",51,50,"Banca Seguros","Corporativo Empresarial",81.86,0,3,"No",59669.67,0.137188625309977,355,0,0,"31-55 Adultos"
"EC-10453","Guayas",69,20,"Banca Seguros","Familiar Estándar",151.19,1,4,"No",53241.88,0.283968184444276,100,0,0,"56+ Adultos Mayores"
"EC-10454","Pichincha",21,31,"Banca Seguros","Individual Premium",16.12,0,4,"No",59669.67,0.0270153999510974,588,0,0,"18-30 Jóvenes"
"EC-10455","Guayas",31,48,"Banca Seguros","Familiar Estándar",53.7,1,3,"No",53241.88,0.100860450457422,407,0,0,"31-55 Adultos"
"EC-10456","Guayas",50,47,"Banca Seguros","Familiar Estándar",38.93,1,5,"Si",53241.88,0.0731191310299336,446,0,0,"31-55 Adultos"
"EC-10457","Guayas",52,1,"Banca Seguros","Corporativo Empresarial",133.27,0,3,"No",53241.88,0.250310469878224,155,0,0,"31-55 Adultos"
"EC-10458","Azuay",54,13,"Banca Seguros","Familiar Estándar",77.73,1,4,"No",16510.84,0.470781619832789,108,0,0,"31-55 Adultos"
"EC-10459","Azuay",44,43,"Banca Seguros","Familiar Estándar",80.99,0,1,"Si",16510.84,0.490526223983759,105,0,0,"31-55 Adultos"
"EC-10460","Guayas",49,46,"Banca Seguros","Corporativo Empresarial",87.58,1,4,"Si",53241.88,0.164494567058864,301,0,0,"31-55 Adultos"
"EC-10461","Azuay",41,9,"Banca Seguros","Familiar Estándar",139.55,0,3,"No",16510.84,0.845202303456396,45,0,0,"31-55 Adultos"
"EC-10462","Guayas",31,56,"Asesor Directo","Individual Premium",114.87,1,3,"Si",53241.88,0.215751209386295,207,0,0,"31-55 Adultos"
"EC-10463","Pichincha",52,1,"Banca Seguros","Individual Premium",144.21,1,3,"Si",59669.67,0.2416805723913,122,0,0,"31-55 Adultos"
"EC-10464","Guayas",19,34,"Banca Seguros","Corporativo Empresarial",28.6,0,4,"No",53241.88,0.053717111416802,482,0,0,"18-30 Jóvenes"
"EC-10465","Guayas",42,45,"Banca Seguros","Familiar Estándar",99.51,0,3,"Si",53241.88,0.18690173975825,257,0,0,"31-55 Adultos"
"EC-10466","Guayas",48,25,"Banca Seguros","Individual Premium",108.84,1,5,"No",53241.88,0.204425538692473,229,0,0,"31-55 Adultos"
"EC-10467","Pichincha",68,25,"Asesor Directo","Individual Premium",66.69,2,4,"No",59669.67,0.111765323991234,414,0,0,"56+ Adultos Mayores"
"EC-10468","Pichincha",34,46,"Broker Digital","Corporativo Empresarial",177.83,0,5,"Si",59669.67,0.298024105043651,11,0,0,"31-55 Adultos"
"EC-10469","Guayas",53,19,"Banca Seguros","Individual Premium",74.39,1,2,"No",53241.88,0.139720836304052,342,0,0,"31-55 Adultos"
"EC-10470","Azuay",50,37,"Banca Seguros","Corporativo Empresarial",170.11,0,1,"No",16510.84,1.03029282580414,12,0,0,"31-55 Adultos"
"EC-10471","Pichincha",22,41,"Asesor Directo","Individual Premium",74.18,0,4,"No",59669.67,0.12431776478737,388,0,0,"18-30 Jóvenes"
"EC-10472","Pichincha",65,55,"Broker Digital","Individual Premium",173.56,0,3,"No",59669.67,0.290868040664545,28,0,0,"56+ Adultos Mayores"
"EC-10473","Pichincha",35,2,"Banca Seguros","Corporativo Empresarial",68.81,0,4,"No",59669.67,0.115318217781328,405,0,0,"31-55 Adultos"
"EC-10474","Guayas",51,54,"Broker Digital","Familiar Estándar",50.44,0,4,"No",53241.88,0.094737451044178,417,0,0,"31-55 Adultos"
"EC-10475","Manabí",57,41,"Banca Seguros","Familiar Estándar",89.25,3,4,"Si",11778.96,0.757706962244545,70,0,0,"56+ Adultos Mayores"
"EC-10476","Guayas",36,58,"Broker Digital","Familiar Estándar",172.68,1,4,"Si",53241.88,0.324331146834034,23,0,0,"31-55 Adultos"
"EC-10477","Pichincha",35,6,"Broker Digital","Familiar Estándar",92.52,1,5,"No",59669.67,0.155053647858284,323,0,0,"31-55 Adultos"
"EC-10478","Tungurahua",46,60,"Banca Seguros","Familiar Estándar",157.09,0,3,"No",6921.02,2.26975214635993,16,0,0,"31-55 Adultos"
"EC-10479","Azuay",36,44,"Banca Seguros","Familiar Estándar",137.12,1,4,"Si",16510.84,0.830484699748771,50,0,0,"31-55 Adultos"
"EC-10480","Guayas",53,25,"Broker Digital","Familiar Estándar",36.6,0,1,"Si",53241.88,0.0687428768480752,452,0,0,"31-55 Adultos"
"EC-10481","Guayas",40,42,"Broker Digital","Corporativo Empresarial",110.81,0,2,"No",53241.88,0.208125633429924,221,0,0,"31-55 Adultos"
"EC-10482","Guayas",58,35,"Broker Digital","Individual Premium",90.05,0,3,"No",53241.88,0.16913377213577,295,0,0,"56+ Adultos Mayores"
"EC-10483","Guayas",36,35,"Banca Seguros","Familiar Estándar",60.07,1,4,"No",53241.88,0.112824716182073,387,0,0,"31-55 Adultos"
"EC-10484","Manabí",61,18,"Banca Seguros","Individual Premium",72.39,0,5,"No",11778.96,0.614570386519693,82,0,0,"56+ Adultos Mayores"
"EC-10485","Manabí",43,57,"Asesor Directo","Individual Premium",130.42,0,5,"Si",11778.96,1.10722848197124,37,0,0,"31-55 Adultos"
"EC-10486","Azuay",23,8,"Banca Seguros","Individual Premium",125.62,1,5,"No",16510.84,0.760833488786761,61,0,0,"18-30 Jóvenes"
"EC-10487","Guayas",39,49,"Banca Seguros","Individual Premium",129.49,4,2,"Si",53241.88,0.243210795711947,167,1,129.49,"31-55 Adultos"
"EC-10488","Guayas",28,28,"Banca Seguros","Corporativo Empresarial",140.04,1,4,"Si",53241.88,0.263026023874439,136,0,0,"18-30 Jóvenes"
"EC-10489","Guayas",70,7,"Asesor Directo","Individual Premium",76.1,0,3,"Si",53241.88,0.142932593664987,336,0,0,"56+ Adultos Mayores"
"EC-10490","Guayas",43,52,"Asesor Directo","Familiar Estándar",157.82,2,4,"Si",53241.88,0.296420787545444,79,0,0,"31-55 Adultos"
"EC-10491","Guayas",22,3,"Asesor Directo","Corporativo Empresarial",119.03,0,1,"No",53241.88,0.223564607410557,192,0,0,"18-30 Jóvenes"
"EC-10492","Guayas",65,11,"Broker Digital","Corporativo Empresarial",19.57,0,3,"Si",53241.88,0.0367567786862523,510,0,0,"56+ Adultos Mayores"
"EC-10493","Guayas",33,55,"Banca Seguros","Individual Premium",98.59,0,5,"No",53241.88,0.185173776733654,261,0,0,"31-55 Adultos"
"EC-10494","Pichincha",58,31,"Asesor Directo","Familiar Estándar",67.14,1,2,"Si",59669.67,0.11251947597498,410,0,0,"56+ Adultos Mayores"
"EC-10495","Pichincha",27,30,"Asesor Directo","Familiar Estándar",83.72,0,3,"No",59669.67,0.140305786842796,348,0,0,"18-30 Jóvenes"
"EC-10496","Manabí",51,15,"Broker Digital","Individual Premium",129.3,1,4,"Si",11778.96,1.09772000244504,40,0,0,"31-55 Adultos"
"EC-10497","Manabí",36,17,"Banca Seguros","Familiar Estándar",70.46,0,3,"No",11778.96,0.598185238764713,85,0,0,"31-55 Adultos"
"EC-10498","Pichincha",21,21,"Asesor Directo","Familiar Estándar",73.04,0,5,"No",59669.67,0.122407246428546,393,0,0,"18-30 Jóvenes"
"EC-10499","Manabí",40,7,"Broker Digital","Individual Premium",41.63,0,4,"No",11778.96,0.353426788103534,100,0,0,"31-55 Adultos"
"EC-10500","Pichincha",47,22,"Asesor Directo","Corporativo Empresarial",168.2,0,2,"No",59669.67,0.281885252591476,36,0,0,"31-55 Adultos"
"EC-10501","Guayas",37,60,"Broker Digital","Corporativo Empresarial",73.33,1,2,"Si",53241.88,0.137729922384409,345,0,0,"31-55 Adultos"
"EC-10502","Azuay",48,54,"Broker Digital","Individual Premium",150.44,1,4,"No",16510.84,0.9111589719239,32,0,0,"31-55 Adultos"
"EC-10503","Pichincha",66,29,"Asesor Directo","Familiar Estándar",60.32,1,5,"No",59669.67,0.101089883687977,444,0,0,"56+ Adultos Mayores"
"EC-10504","Pichincha",68,45,"Asesor Directo","Familiar Estándar",153.12,0,4,"No",59669.67,0.256612781669481,97,0,0,"56+ Adultos Mayores"
"EC-10505","Pichincha",35,22,"Banca Seguros","Corporativo Empresarial",51.58,1,3,"No",59669.67,0.0864425762703229,472,0,0,"31-55 Adultos"
"EC-10506","Guayas",47,1,"Asesor Directo","Corporativo Empresarial",152.69,0,3,"No",53241.88,0.28678551546264,93,0,0,"31-55 Adultos"
"EC-10507","Guayas",67,6,"Banca Seguros","Individual Premium",96.95,0,2,"No",53241.88,0.182093494820243,268,0,0,"56+ Adultos Mayores"
"EC-10508","Manabí",39,37,"Asesor Directo","Individual Premium",48.87,0,2,"No",11778.96,0.414892316469366,98,0,0,"31-55 Adultos"
"EC-10509","Guayas",64,53,"Banca Seguros","Familiar Estándar",99.1,0,5,"No",53241.88,0.186131669279898,259,0,0,"56+ Adultos Mayores"
"EC-10510","Pichincha",54,19,"Banca Seguros","Individual Premium",163.12,0,2,"Si",59669.67,0.273371714641626,65,0,0,"31-55 Adultos"
"EC-10511","Guayas",56,21,"Broker Digital","Individual Premium",143.82,0,2,"Si",53241.88,0.270125698040715,128,0,0,"56+ Adultos Mayores"
"EC-10512","Guayas",57,4,"Asesor Directo","Corporativo Empresarial",116.45,1,4,"Si",53241.88,0.218718798058972,201,0,0,"56+ Adultos Mayores"
"EC-10513","Guayas",57,33,"Banca Seguros","Corporativo Empresarial",105.37,0,1,"Si",53241.88,0.197908112936658,241,0,0,"56+ Adultos Mayores"
"EC-10514","Manabí",52,55,"Banca Seguros","Familiar Estándar",16.8,0,4,"No",11778.96,0.142627192893091,119,0,0,"31-55 Adultos"
"EC-10515","Pichincha",43,24,"Asesor Directo","Individual Premium",141.45,0,3,"No",59669.67,0.237055106890988,132,0,0,"31-55 Adultos"
"EC-10516","Pichincha",60,47,"Banca Seguros","Corporativo Empresarial",50.93,1,4,"Si",59669.67,0.0853532456271335,477,0,0,"56+ Adultos Mayores"
"EC-10517","Azuay",29,41,"Banca Seguros","Corporativo Empresarial",65.6,0,4,"No",16510.84,0.397314733835468,119,0,0,"18-30 Jóvenes"
"EC-10518","Pichincha",53,23,"Asesor Directo","Corporativo Empresarial",73.93,0,5,"No",59669.67,0.123898791463067,390,0,0,"31-55 Adultos"
"EC-10519","Guayas",50,30,"Banca Seguros","Familiar Estándar",20.6,2,5,"No",53241.88,0.0386913459855287,506,0,0,"31-55 Adultos"
"EC-10520","Guayas",49,34,"Banca Seguros","Corporativo Empresarial",136.17,0,2,"No",53241.88,0.25575730984706,149,0,0,"31-55 Adultos"
"EC-10521","Tungurahua",42,18,"Banca Seguros","Individual Premium",146.96,0,4,"No",6921.02,2.12338643725925,20,0,0,"31-55 Adultos"
"EC-10522","Guayas",22,56,"Banca Seguros","Corporativo Empresarial",96.56,1,4,"No",53241.88,0.181360988755468,272,0,0,"18-30 Jóvenes"
"EC-10523","Azuay",58,19,"Asesor Directo","Familiar Estándar",20.53,0,3,"No",16510.84,0.124342553134789,158,0,0,"56+ Adultos Mayores"
"EC-10524","Pichincha",39,28,"Banca Seguros","Individual Premium",52.66,1,3,"No",59669.67,0.0882525410313146,468,0,0,"31-55 Adultos"
"EC-10525","Guayas",44,11,"Banca Seguros","Corporativo Empresarial",153.83,1,4,"Si",53241.88,0.288926687036596,89,0,0,"31-55 Adultos"
"EC-10526","Guayas",32,21,"Asesor Directo","Individual Premium",82.66,0,4,"No",53241.88,0.155253721318631,319,0,0,"31-55 Adultos"
"EC-10527","Pichincha",38,38,"Asesor Directo","Familiar Estándar",74.56,1,3,"No",59669.67,0.124954604240312,383,0,0,"31-55 Adultos"
"EC-10528","Guayas",32,35,"Banca Seguros","Familiar Estándar",170.05,0,5,"Si",53241.88,0.319391426448503,35,0,0,"31-55 Adultos"
"EC-10529","Guayas",52,15,"Banca Seguros","Corporativo Empresarial",161.36,0,1,"Si",53241.88,0.303069688748782,73,0,0,"31-55 Adultos"
"EC-10530","Pichincha",20,60,"Asesor Directo","Individual Premium",175.62,0,4,"No",59669.67,0.294320380856807,21,0,0,"18-30 Jóvenes"
"EC-10531","Pichincha",21,7,"Banca Seguros","Familiar Estándar",134.79,0,4,"No",59669.67,0.22589365753154,161,0,0,"18-30 Jóvenes"
"EC-10532","Guayas",30,15,"Banca Seguros","Individual Premium",175.39,0,3,"Si",53241.88,0.329421124873877,15,0,0,"18-30 Jóvenes"
"EC-10533","Pichincha",48,30,"Broker Digital","Individual Premium",40.7,0,3,"Si",59669.67,0.0682088571966294,511,0,0,"31-55 Adultos"
"EC-10534","Tungurahua",58,41,"Banca Seguros","Individual Premium",91.45,1,4,"No",6921.02,1.32133702835709,38,0,0,"56+ Adultos Mayores"
"EC-10535","Pichincha",46,43,"Asesor Directo","Corporativo Empresarial",94.95,3,3,"No",59669.67,0.159126068570515,312,0,0,"31-55 Adultos"
"EC-10536","Azuay",58,32,"Asesor Directo","Familiar Estándar",103.95,0,2,"No",16510.84,0.629586380826172,80,0,0,"56+ Adultos Mayores"
"EC-10537","Pichincha",28,44,"Asesor Directo","Corporativo Empresarial",46.48,0,4,"No",59669.67,0.0778955204545291,495,0,0,"18-30 Jóvenes"
"EC-10538","Pichincha",29,52,"Asesor Directo","Corporativo Empresarial",142.61,0,4,"No",59669.67,0.238999143115757,127,0,0,"18-30 Jóvenes"
"EC-10539","Pichincha",52,5,"Asesor Directo","Individual Premium",16.06,0,4,"No",59669.67,0.0269148463532646,589,0,0,"31-55 Adultos"
"EC-10540","Guayas",30,37,"Broker Digital","Individual Premium",163.59,1,4,"No",53241.88,0.307258120862749,62,0,0,"18-30 Jóvenes"
"EC-10541","Azuay",64,10,"Asesor Directo","Familiar Estándar",159.61,4,4,"Si",16510.84,0.966698241882303,20,0,0,"56+ Adultos Mayores"
"EC-10542","Guayas",53,16,"Asesor Directo","Individual Premium",92.14,0,1,"Si",53241.88,0.17305925335469,288,0,0,"31-55 Adultos"
"EC-10543","Azuay",65,28,"Broker Digital","Familiar Estándar",89.67,0,3,"No",16510.84,0.543097746692476,95,0,0,"56+ Adultos Mayores"
"EC-10544","Guayas",68,45,"Asesor Directo","Individual Premium",92.62,0,3,"No",53241.88,0.173960799280566,286,0,0,"56+ Adultos Mayores"
"EC-10545","Pichincha",23,13,"Asesor Directo","Individual Premium",111.87,0,1,"Si",59669.67,0.187482183159384,253,0,0,"18-30 Jóvenes"
"EC-10546","Azuay",39,6,"Asesor Directo","Corporativo Empresarial",25.63,1,5,"No",16510.84,0.155231351039681,153,0,0,"31-55 Adultos"
"EC-10547","Pichincha",38,58,"Banca Seguros","Familiar Estándar",24.26,1,4,"No",59669.67,0.0406571713904233,558,0,0,"31-55 Adultos"
"EC-10548","Guayas",18,45,"Banca Seguros","Familiar Estándar",156.54,0,2,"No",53241.88,0.29401666507644,83,0,0,"18-30 Jóvenes"
"EC-10549","Pichincha",30,21,"Broker Digital","Corporativo Empresarial",121.83,0,3,"No",59669.67,0.20417408039964,213,0,0,"18-30 Jóvenes"
"EC-10550","Azuay",26,49,"Banca Seguros","Individual Premium",58.13,0,2,"Si",16510.84,0.352071729845362,123,0,0,"18-30 Jóvenes"
"EC-10551","Pichincha",26,11,"Banca Seguros","Corporativo Empresarial",51.86,2,5,"Si",59669.67,0.086911826393543,471,0,0,"18-30 Jóvenes"
"EC-10552","Guayas",53,46,"Asesor Directo","Familiar Estándar",19.88,0,1,"Si",53241.88,0.0373390270967141,508,0,0,"31-55 Adultos"
"EC-10553","Pichincha",65,10,"Asesor Directo","Familiar Estándar",88.69,0,4,"No",59669.67,0.148634976529952,332,0,0,"56+ Adultos Mayores"
"EC-10554","Pichincha",49,4,"Asesor Directo","Individual Premium",18.87,1,2,"Si",59669.67,0.0316241065184373,582,0,0,"31-55 Adultos"
"EC-10555","Pichincha",66,30,"Banca Seguros","Familiar Estándar",34.6,1,3,"No",59669.67,0.0579859080836211,523,0,0,"56+ Adultos Mayores"
"EC-10556","Pichincha",60,23,"Banca Seguros","Corporativo Empresarial",153.16,0,4,"No",59669.67,0.25667981740137,96,0,0,"56+ Adultos Mayores"
"EC-10557","Manabí",70,43,"Banca Seguros","Familiar Estándar",114.75,1,3,"Si",11778.96,0.974194665742986,49,0,0,"56+ Adultos Mayores"
"EC-10558","Pichincha",28,33,"Broker Digital","Corporativo Empresarial",60.86,0,3,"No",59669.67,0.101994866068473,440,0,0,"18-30 Jóvenes"
"EC-10559","Pichincha",30,8,"Banca Seguros","Familiar Estándar",93.79,0,1,"Si",59669.67,0.157182032345746,318,0,0,"18-30 Jóvenes"
"EC-10560","Guayas",28,45,"Banca Seguros","Corporativo Empresarial",104.17,2,5,"Si",53241.88,0.195654248121967,245,0,0,"18-30 Jóvenes"
"EC-10561","Azuay",54,58,"Banca Seguros","Familiar Estándar",104.47,0,3,"No",16510.84,0.632735826887063,79,0,0,"31-55 Adultos"
"EC-10562","Manabí",70,31,"Banca Seguros","Individual Premium",89.89,0,5,"Si",11778.96,0.763140379116662,69,0,0,"56+ Adultos Mayores"
"EC-10563","Pichincha",18,4,"Banca Seguros","Familiar Estándar",179.55,0,2,"No",59669.67,0.30090664151486,1,0,0,"18-30 Jóvenes"
"EC-10564","Pichincha",60,26,"Asesor Directo","Individual Premium",63.31,0,4,"No",59669.67,0.106100804646649,431,0,0,"56+ Adultos Mayores"
"EC-10565","Pichincha",26,8,"Banca Seguros","Individual Premium",105.8,0,3,"No",59669.67,0.177309510845292,274,0,0,"18-30 Jóvenes"
"EC-10566","Guayas",40,22,"Banca Seguros","Individual Premium",28.21,0,2,"Si",53241.88,0.0529846053520274,483,0,0,"31-55 Adultos"
"EC-10567","Guayas",54,13,"Banca Seguros","Familiar Estándar",62.19,0,4,"Si",53241.88,0.116806544021361,381,0,0,"31-55 Adultos"
"EC-10568","Guayas",60,37,"Broker Digital","Individual Premium",85.34,0,3,"No",53241.88,0.160287352738108,309,0,0,"56+ Adultos Mayores"
"EC-10569","Pichincha",37,57,"Asesor Directo","Individual Premium",96.86,0,2,"No",59669.67,0.162327024768195,304,0,0,"31-55 Adultos"
"EC-10570","Guayas",44,38,"Broker Digital","Individual Premium",147.97,0,5,"No",53241.88,0.277920313858188,115,0,0,"31-55 Adultos"
"EC-10571","Guayas",21,42,"Asesor Directo","Familiar Estándar",25.29,3,1,"Si",53241.88,0.0475002009696126,493,1,25.29,"18-30 Jóvenes"
"EC-10572","Pichincha",61,59,"Broker Digital","Individual Premium",165.68,4,3,"Si",59669.67,0.277662001482495,53,0,0,"56+ Adultos Mayores"
"EC-10573","Pichincha",37,29,"Banca Seguros","Individual Premium",100.29,0,5,"No",59669.67,0.16807533877764,291,0,0,"31-55 Adultos"
"EC-10574","Pichincha",63,5,"Asesor Directo","Corporativo Empresarial",116.64,0,3,"Si",59669.67,0.195476194187097,240,0,0,"56+ Adultos Mayores"
"EC-10575","Pichincha",40,45,"Banca Seguros","Individual Premium",48.86,1,4,"Si",59669.67,0.0818841465018996,485,0,0,"31-55 Adultos"
"EC-10576","Manabí",43,29,"Banca Seguros","Familiar Estándar",129.87,0,1,"Si",11778.96,1.10255913934677,39,0,0,"31-55 Adultos"
"EC-10577","Guayas",56,50,"Banca Seguros","Individual Premium",87.21,0,2,"Si",53241.88,0.163799625407668,305,0,0,"56+ Adultos Mayores"
"EC-10578","Guayas",22,3,"Asesor Directo","Familiar Estándar",146.06,0,4,"Si",53241.88,0.274332912361472,123,0,0,"18-30 Jóvenes"
"EC-10579","Guayas",39,15,"Asesor Directo","Familiar Estándar",153.02,0,4,"No",53241.88,0.28740532828668,92,0,0,"31-55 Adultos"
"EC-10580","Manabí",41,60,"Asesor Directo","Familiar Estándar",96.23,3,5,"No",11778.96,0.816965165006079,65,0,0,"31-55 Adultos"
"EC-10581","Guayas",43,21,"Banca Seguros","Corporativo Empresarial",84.62,1,3,"No",53241.88,0.158935033849293,313,0,0,"31-55 Adultos"
"EC-10582","Pichincha",45,51,"Banca Seguros","Individual Premium",101.37,0,4,"Si",59669.67,0.169885303538632,287,0,0,"31-55 Adultos"
"EC-10583","Pichincha",40,7,"Broker Digital","Familiar Estándar",120.75,0,4,"No",59669.67,0.202364115638649,220,0,0,"31-55 Adultos"
"EC-10584","Manabí",27,26,"Asesor Directo","Individual Premium",171.01,0,4,"No",11778.96,1.45182596765759,5,0,0,"18-30 Jóvenes"
"EC-10585","Pichincha",68,20,"Banca Seguros","Individual Premium",107.92,0,3,"No",59669.67,0.180862404635387,267,0,0,"56+ Adultos Mayores"
"EC-10586","Guayas",68,47,"Banca Seguros","Familiar Estándar",61.88,1,3,"No",53241.88,0.116224295610899,382,0,0,"56+ Adultos Mayores"
"EC-10587","Azuay",43,7,"Banca Seguros","Familiar Estándar",177.77,0,3,"No",16510.84,1.07668658893188,3,0,0,"31-55 Adultos"
"EC-10588","Guayas",29,41,"Banca Seguros","Familiar Estándar",110.95,0,2,"No",53241.88,0.208388584324971,220,0,0,"18-30 Jóvenes"
"EC-10589","Guayas",52,10,"Banca Seguros","Familiar Estándar",164.86,0,4,"Si",53241.88,0.309643461124964,58,0,0,"31-55 Adultos"
"EC-10590","Manabí",21,39,"Banca Seguros","Corporativo Empresarial",62.78,0,5,"No",11778.96,0.5329842362993,90,0,0,"18-30 Jóvenes"
"EC-10591","Pichincha",44,12,"Broker Digital","Familiar Estándar",121.15,0,2,"Si",59669.67,0.203034472957534,218,0,0,"31-55 Adultos"
"EC-10592","Pichincha",70,12,"Asesor Directo","Corporativo Empresarial",66.42,0,4,"No",59669.67,0.111312832800986,416,0,0,"56+ Adultos Mayores"
"EC-10593","Pichincha",22,16,"Banca Seguros","Corporativo Empresarial",32.72,2,3,"Si",59669.67,0.0548352286848578,531,0,0,"18-30 Jóvenes"
"EC-10594","Pichincha",48,57,"Broker Digital","Individual Premium",106.56,0,1,"Si",59669.67,0.178583189751175,272,0,0,"31-55 Adultos"
"EC-10595","Pichincha",55,19,"Asesor Directo","Familiar Estándar",175.67,0,3,"No",59669.67,0.294404175521668,20,0,0,"31-55 Adultos"
"EC-10596","Guayas",53,46,"Broker Digital","Corporativo Empresarial",30.55,0,2,"No",53241.88,0.0573796417406748,472,0,0,"31-55 Adultos"
"EC-10597","Tungurahua",60,35,"Banca Seguros","Individual Premium",157.8,1,4,"No",6921.02,2.28001074986057,15,0,0,"56+ Adultos Mayores"
"EC-10598","Guayas",31,18,"Banca Seguros","Familiar Estándar",124.18,0,3,"Si",53241.88,0.233237443906939,176,0,0,"31-55 Adultos"
"EC-10599","Manabí",50,33,"Asesor Directo","Individual Premium",92.52,1,3,"Si",11778.96,0.785468326575521,67,0,0,"31-55 Adultos"
"EC-10600","Guayas",18,25,"Banca Seguros","Individual Premium",46.87,0,5,"No",53241.88,0.0880322032204723,427,0,0,"18-30 Jóvenes"
"EC-10601","Guayas",59,17,"Banca Seguros","Corporativo Empresarial",83.44,1,3,"No",53241.88,0.15671873344818,317,0,0,"56+ Adultos Mayores"
"EC-10602","Guayas",43,47,"Asesor Directo","Individual Premium",129.56,2,5,"No",53241.88,0.243342271159471,166,0,0,"31-55 Adultos"
"EC-10603","Guayas",70,28,"Broker Digital","Corporativo Empresarial",44.04,1,3,"Si",53241.88,0.0827168386991594,433,0,0,"56+ Adultos Mayores"
"EC-10604","Pichincha",34,34,"Banca Seguros","Familiar Estándar",160.66,0,3,"No",59669.67,0.269249017130478,72,0,0,"31-55 Adultos"
"EC-10605","Pichincha",51,52,"Asesor Directo","Familiar Estándar",105.3,0,4,"No",59669.67,0.176471564196685,275,0,0,"31-55 Adultos"
"EC-10606","Azuay",46,51,"Banca Seguros","Familiar Estándar",69.88,0,3,"Si",16510.84,0.423237097567416,114,0,0,"31-55 Adultos"
"EC-10607","Guayas",67,40,"Banca Seguros","Individual Premium",162.43,0,3,"No",53241.88,0.305079384875215,70,0,0,"56+ Adultos Mayores"
"EC-10608","Pichincha",45,47,"Banca Seguros","Individual Premium",64.84,1,5,"No",59669.67,0.108664921391387,423,0,0,"31-55 Adultos"
"EC-10609","Azuay",38,24,"Banca Seguros","Corporativo Empresarial",46.62,0,4,"No",16510.84,0.28235995261295,132,0,0,"31-55 Adultos"
"EC-10610","Pichincha",50,50,"Banca Seguros","Corporativo Empresarial",136.39,2,4,"Si",59669.67,0.228575086807083,154,0,0,"31-55 Adultos"
"EC-10611","Guayas",60,53,"Banca Seguros","Familiar Estándar",76.13,0,3,"No",53241.88,0.142988940285354,335,0,0,"56+ Adultos Mayores"
"EC-10612","Pichincha",60,2,"Banca Seguros","Individual Premium",89.16,0,4,"No",59669.67,0.149422646379643,330,0,0,"56+ Adultos Mayores"
"EC-10613","Guayas",20,41,"Asesor Directo","Individual Premium",114.52,0,4,"No",53241.88,0.215093832148677,209,0,0,"18-30 Jóvenes"
"EC-10614","Tungurahua",33,34,"Banca Seguros","Individual Premium",168.73,0,5,"No",6921.02,2.43793544882113,7,0,0,"31-55 Adultos"
"EC-10615","Guayas",49,8,"Asesor Directo","Familiar Estándar",147.19,0,3,"Si",53241.88,0.276455301728639,118,0,0,"31-55 Adultos"
"EC-10616","Guayas",39,58,"Banca Seguros","Individual Premium",30.46,1,4,"No",53241.88,0.057210601879573,474,0,0,"31-55 Adultos"
"EC-10617","Guayas",39,13,"Banca Seguros","Familiar Estándar",97.97,1,4,"No",53241.88,0.18400927991273,262,0,0,"31-55 Adultos"
"EC-10618","Guayas",54,10,"Broker Digital","Individual Premium",130.47,0,4,"No",53241.88,0.245051451977278,163,0,0,"31-55 Adultos"
"EC-10619","Pichincha",65,32,"Banca Seguros","Individual Premium",141.67,0,3,"Si",59669.67,0.237423803416376,131,0,0,"56+ Adultos Mayores"
"EC-10620","Pichincha",21,45,"Broker Digital","Familiar Estándar",18.63,0,4,"No",59669.67,0.0312218921271058,583,0,0,"18-30 Jóvenes"
"EC-10621","Guayas",56,26,"Asesor Directo","Individual Premium",35.8,0,5,"No",53241.88,0.0672403003049479,456,0,0,"56+ Adultos Mayores"
"EC-10622","Pichincha",51,13,"Banca Seguros","Familiar Estándar",77.39,1,3,"No",59669.67,0.129697382271429,368,0,0,"31-55 Adultos"
"EC-10623","Guayas",42,53,"Asesor Directo","Individual Premium",111.54,1,2,"No",53241.88,0.209496734525528,217,0,0,"31-55 Adultos"
"EC-10624","Manabí",32,27,"Banca Seguros","Familiar Estándar",62.53,0,4,"Si",11778.96,0.530861807833629,91,0,0,"31-55 Adultos"
"EC-10625","Pichincha",58,58,"Banca Seguros","Corporativo Empresarial",141.82,0,3,"Si",59669.67,0.237675187410958,130,0,0,"56+ Adultos Mayores"
"EC-10626","Manabí",23,1,"Banca Seguros","Familiar Estándar",139.74,1,5,"No",11778.96,1.18635261517146,30,0,0,"18-30 Jóvenes"
"EC-10627","Manabí",70,2,"Banca Seguros","Familiar Estándar",37.48,2,3,"No",11778.96,0.318194475573395,102,0,0,"56+ Adultos Mayores"
"EC-10628","Pichincha",33,9,"Banca Seguros","Individual Premium",167.06,0,4,"No",59669.67,0.279974734232651,44,0,0,"31-55 Adultos"
"EC-10629","Tungurahua",40,3,"Asesor Directo","Familiar Estándar",20.41,1,3,"Si",6921.02,0.29489872880009,69,0,0,"31-55 Adultos"
"EC-10630","Pichincha",35,31,"Asesor Directo","Corporativo Empresarial",99.9,3,3,"Si",59669.67,0.167421740391727,293,0,0,"31-55 Adultos"
"EC-10631","Guayas",59,57,"Banca Seguros","Individual Premium",36.06,0,3,"Si",53241.88,0.0677286376814643,454,0,0,"56+ Adultos Mayores"
"EC-10632","Pichincha",22,6,"Banca Seguros","Individual Premium",41.43,1,4,"Si",59669.67,0.069432259303596,506,0,0,"18-30 Jóvenes"
"EC-10633","Manabí",57,48,"Banca Seguros","Individual Premium",116.22,1,3,"No",11778.96,0.986674545121131,48,0,0,"56+ Adultos Mayores"
"EC-10634","Pichincha",25,33,"Asesor Directo","Corporativo Empresarial",160.85,0,4,"No",59669.67,0.269567436856949,70,0,0,"18-30 Jóvenes"
"EC-10635","Azuay",59,60,"Broker Digital","Familiar Estándar",57.41,0,3,"No",16510.84,0.347710958376436,124,0,0,"56+ Adultos Mayores"
"EC-10636","Azuay",25,60,"Banca Seguros","Familiar Estándar",39.38,0,3,"No",16510.84,0.238509972842084,138,0,0,"18-30 Jóvenes"
"EC-10637","Guayas",65,51,"Asesor Directo","Corporativo Empresarial",103.18,0,4,"No",53241.88,0.193794809649847,249,0,0,"56+ Adultos Mayores"
"EC-10638","Guayas",49,16,"Broker Digital","Corporativo Empresarial",92.85,0,4,"No",53241.88,0.174392790036715,284,0,0,"31-55 Adultos"
"EC-10639","Guayas",28,31,"Asesor Directo","Individual Premium",99.51,0,1,"Si",53241.88,0.18690173975825,257,0,0,"18-30 Jóvenes"
"EC-10640","Tungurahua",28,38,"Asesor Directo","Corporativo Empresarial",173.76,0,3,"Si",6921.02,2.5106125975651,4,0,0,"18-30 Jóvenes"
"EC-10641","Guayas",40,29,"Asesor Directo","Individual Premium",18.66,0,1,"No",53241.88,0.0350475978684449,515,0,0,"31-55 Adultos"
"EC-10642","Guayas",44,38,"Broker Digital","Corporativo Empresarial",85.73,1,3,"Si",53241.88,0.161019858802882,308,0,0,"31-55 Adultos"
"EC-10643","Guayas",49,44,"Broker Digital","Individual Premium",18.76,0,3,"Si",53241.88,0.0352354199363358,514,0,0,"31-55 Adultos"
"EC-10644","Pichincha",38,37,"Broker Digital","Familiar Estándar",165.02,0,4,"No",59669.67,0.276555911906334,58,0,0,"31-55 Adultos"
"EC-10645","Manabí",55,47,"Asesor Directo","Corporativo Empresarial",28.69,1,3,"Si",11778.96,0.243569890720403,109,0,0,"31-55 Adultos"
"EC-10646","Manabí",68,7,"Asesor Directo","Individual Premium",169.93,0,1,"Si",11778.96,1.44265707668589,6,0,0,"56+ Adultos Mayores"
"EC-10647","Guayas",26,36,"Banca Seguros","Corporativo Empresarial",48.73,0,4,"No",53241.88,0.0915256936832433,421,0,0,"18-30 Jóvenes"
"EC-10648","Azuay",27,45,"Broker Digital","Corporativo Empresarial",161.79,0,4,"No",16510.84,0.979901688829884,19,0,0,"18-30 Jóvenes"
"EC-10649","Pichincha",28,3,"Banca Seguros","Familiar Estándar",91.37,1,4,"No",59669.67,0.153126370566487,326,0,0,"18-30 Jóvenes"
"EC-10650","Azuay",69,54,"Banca Seguros","Individual Premium",28.7,0,1,"Si",16510.84,0.173825196053017,151,0,0,"56+ Adultos Mayores"
"EC-10651","Guayas",37,2,"Banca Seguros","Individual Premium",19.4,2,5,"No",53241.88,0.0364374811708377,511,0,0,"31-55 Adultos"
"EC-10652","Azuay",48,60,"Broker Digital","Familiar Estándar",90.2,1,2,"No",16510.84,0.546307759023769,94,0,0,"31-55 Adultos"
"EC-10653","Pichincha",42,28,"Asesor Directo","Corporativo Empresarial",164.67,1,3,"No",59669.67,0.275969349252309,59,0,0,"31-55 Adultos"
"EC-10654","Guayas",53,47,"Banca Seguros","Individual Premium",29.27,0,5,"Si",53241.88,0.0549755192716711,479,0,0,"31-55 Adultos"
"EC-10655","Pichincha",49,34,"Asesor Directo","Individual Premium",15.95,2,4,"No",59669.67,0.026730498090571,591,0,0,"31-55 Adultos"
"EC-10656","Guayas",58,54,"Asesor Directo","Individual Premium",17.29,0,2,"Si",53241.88,0.0324744355383394,519,0,0,"56+ Adultos Mayores"
"EC-10657","Guayas",62,53,"Broker Digital","Individual Premium",108.67,0,5,"No",53241.88,0.204106241177058,230,0,0,"56+ Adultos Mayores"
"EC-10658","Azuay",49,9,"Broker Digital","Individual Premium",81.56,0,3,"No",16510.84,0.493978501396658,103,0,0,"31-55 Adultos"
"EC-10659","Tungurahua",46,33,"Banca Seguros","Familiar Estándar",24.42,1,2,"Si",6921.02,0.352838165472719,65,0,0,"31-55 Adultos"
"EC-10660","Pichincha",60,6,"Banca Seguros","Familiar Estándar",65.32,0,1,"Si",59669.67,0.10946935017405,420,0,0,"56+ Adultos Mayores"
"EC-10661","Pichincha",33,16,"Banca Seguros","Individual Premium",156.78,1,4,"No",59669.67,0.262746551137286,83,0,0,"31-55 Adultos"
"EC-10662","Guayas",63,41,"Asesor Directo","Individual Premium",101.22,0,3,"No",53241.88,0.190113497119185,253,0,0,"56+ Adultos Mayores"
"EC-10663","Pichincha",20,32,"Banca Seguros","Familiar Estándar",121.62,0,2,"Si",59669.67,0.203822142807225,215,0,0,"18-30 Jóvenes"
"EC-10664","Pichincha",53,37,"Banca Seguros","Corporativo Empresarial",167.94,3,2,"Si",59669.67,0.2814495203342,39,1,167.94,"31-55 Adultos"
"EC-10665","Guayas",38,30,"Broker Digital","Familiar Estándar",109.41,0,4,"Si",53241.88,0.205496124479451,226,0,0,"31-55 Adultos"
"EC-10666","Pichincha",39,40,"Asesor Directo","Corporativo Empresarial",73.09,0,4,"No",59669.67,0.122491041093406,392,0,0,"31-55 Adultos"
"EC-10667","Manabí",70,51,"Broker Digital","Familiar Estándar",70.97,0,5,"No",11778.96,0.602514992834682,84,0,0,"56+ Adultos Mayores"
"EC-10668","Pichincha",61,38,"Asesor Directo","Familiar Estándar",42.43,0,5,"No",59669.67,0.0711081526008104,504,0,0,"56+ Adultos Mayores"
"EC-10669","Azuay",29,16,"Banca Seguros","Individual Premium",177.38,0,5,"Si",16510.84,1.07432450438621,4,0,0,"18-30 Jóvenes"
"EC-10670","Guayas",47,16,"Asesor Directo","Familiar Estándar",143.96,1,4,"Si",53241.88,0.270388648935763,127,0,0,"31-55 Adultos"
"EC-10671","Azuay",57,6,"Banca Seguros","Corporativo Empresarial",49.36,0,5,"No",16510.84,0.298955110703029,130,0,0,"56+ Adultos Mayores"
"EC-10672","Guayas",65,28,"Banca Seguros","Corporativo Empresarial",138.7,1,2,"Si",53241.88,0.2605092081647,139,0,0,"56+ Adultos Mayores"
"EC-10673","Guayas",44,43,"Broker Digital","Individual Premium",119.95,0,3,"Si",53241.88,0.225292570435154,188,0,0,"31-55 Adultos"
"EC-10674","Pichincha",20,58,"Banca Seguros","Familiar Estándar",31.67,0,4,"No",59669.67,0.0530755407227826,534,0,0,"18-30 Jóvenes"
"EC-10675","Azuay",60,47,"Banca Seguros","Corporativo Empresarial",97.18,0,3,"No",16510.84,0.588583015764189,90,0,0,"56+ Adultos Mayores"
"EC-10676","Guayas",62,38,"Banca Seguros","Individual Premium",81.12,1,5,"Si",53241.88,0.152361261473111,321,0,0,"56+ Adultos Mayores"
"EC-10677","Manabí",48,9,"Banca Seguros","Corporativo Empresarial",175.93,2,3,"Si",11778.96,1.49359535986199,3,0,0,"31-55 Adultos"
"EC-10678","Guayas",51,10,"Banca Seguros","Individual Premium",57.86,0,3,"Si",53241.88,0.108673848481684,393,0,0,"31-55 Adultos"
"EC-10679","Tungurahua",43,2,"Banca Seguros","Familiar Estándar",52.58,2,3,"Si",6921.02,0.75971460854036,55,0,0,"31-55 Adultos"
"EC-10680","Guayas",65,43,"Broker Digital","Familiar Estándar",50.77,1,3,"No",53241.88,0.095357263868218,415,0,0,"56+ Adultos Mayores"
"EC-10681","Pichincha",44,11,"Banca Seguros","Individual Premium",167.18,1,1,"Si",59669.67,0.280175841428317,43,0,0,"31-55 Adultos"
"EC-10682","Guayas",38,34,"Banca Seguros","Individual Premium",113.11,2,4,"No",53241.88,0.212445540991415,216,0,0,"31-55 Adultos"
"EC-10683","Pichincha",56,55,"Banca Seguros","Familiar Estándar",105.82,0,4,"No",59669.67,0.177343028711236,273,0,0,"56+ Adultos Mayores"
"EC-10684","Manabí",48,50,"Asesor Directo","Familiar Estándar",79.48,0,4,"No",11778.96,0.674762457806122,77,0,0,"31-55 Adultos"
"EC-10685","Guayas",54,19,"Broker Digital","Corporativo Empresarial",83.54,0,5,"No",53241.88,0.156906555516071,316,0,0,"31-55 Adultos"
"EC-10686","Pichincha",44,41,"Asesor Directo","Familiar Estándar",22.89,0,5,"Si",59669.67,0.0383611975732395,565,0,0,"31-55 Adultos"
"EC-10687","Pichincha",70,39,"Banca Seguros","Corporativo Empresarial",171.03,0,4,"Si",59669.67,0.286628030622593,32,0,0,"56+ Adultos Mayores"
"EC-10688","Pichincha",55,34,"Banca Seguros","Individual Premium",58.58,1,4,"No",59669.67,0.0981738293508243,454,0,0,"31-55 Adultos"
"EC-10689","Pichincha",44,9,"Banca Seguros","Individual Premium",166.69,0,4,"No",59669.67,0.279354653712682,47,0,0,"31-55 Adultos"
"EC-10690","Azuay",21,19,"Banca Seguros","Individual Premium",18.45,1,4,"Si",16510.84,0.111744768891225,160,0,0,"18-30 Jóvenes"
"EC-10691","Pichincha",30,16,"Asesor Directo","Individual Premium",59.88,0,3,"Si",59669.67,0.100352490637203,449,0,0,"18-30 Jóvenes"
"EC-10692","Guayas",38,39,"Asesor Directo","Individual Premium",47.14,0,3,"Si",53241.88,0.0885393228037778,424,0,0,"31-55 Adultos"
"EC-10693","Pichincha",33,38,"Banca Seguros","Individual Premium",65.68,1,4,"No",59669.67,0.110072671761047,419,0,0,"31-55 Adultos"
"EC-10694","Azuay",59,56,"Asesor Directo","Corporativo Empresarial",139.52,0,5,"No",16510.84,0.845020604645191,46,0,0,"56+ Adultos Mayores"
"EC-10695","Guayas",32,3,"Banca Seguros","Familiar Estándar",36.92,0,5,"No",53241.88,0.0693439074653262,451,0,0,"31-55 Adultos"
"EC-10696","Guayas",53,48,"Broker Digital","Individual Premium",54.73,1,4,"No",53241.88,0.102795017756698,402,0,0,"31-55 Adultos"
"EC-10697","Pichincha",50,21,"Broker Digital","Individual Premium",72.01,1,3,"Si",59669.67,0.120681076332415,395,0,0,"31-55 Adultos"
"EC-10698","Guayas",60,29,"Asesor Directo","Individual Premium",68.12,0,2,"Si",53241.88,0.127944392647292,356,0,0,"56+ Adultos Mayores"
"EC-10699","Pichincha",25,51,"Banca Seguros","Corporativo Empresarial",65.16,0,2,"Si",59669.67,0.109201207246496,421,0,0,"18-30 Jóvenes"
"EC-10700","Azuay",52,14,"Asesor Directo","Individual Premium",156.32,0,5,"No",16510.84,0.946771938920128,28,0,0,"31-55 Adultos"
"EC-10701","Guayas",51,28,"Banca Seguros","Familiar Estándar",105.03,0,3,"No",53241.88,0.197269517905829,244,0,0,"31-55 Adultos"
"EC-10702","Pichincha",32,58,"Broker Digital","Familiar Estándar",138.07,0,3,"No",59669.67,0.231390587546403,146,0,0,"31-55 Adultos"
"EC-10703","Pichincha",27,19,"Broker Digital","Familiar Estándar",153.73,0,2,"Si",59669.67,0.257635076580782,91,0,0,"18-30 Jóvenes"
"EC-10704","Tungurahua",48,10,"Asesor Directo","Familiar Estándar",93.55,3,3,"Si",6921.02,1.35167937673927,36,0,0,"31-55 Adultos"
"EC-10705","Guayas",18,59,"Banca Seguros","Familiar Estándar",89.17,2,4,"No",53241.88,0.16748093793833,298,0,0,"18-30 Jóvenes"
"EC-10706","Pichincha",53,29,"Broker Digital","Corporativo Empresarial",78.61,0,5,"No",59669.67,0.13174197209403,363,0,0,"31-55 Adultos"
"EC-10707","Guayas",24,54,"Banca Seguros","Corporativo Empresarial",113.51,2,4,"No",53241.88,0.213196829262979,214,0,0,"18-30 Jóvenes"
"EC-10708","Pichincha",65,18,"Banca Seguros","Corporativo Empresarial",50.33,0,2,"Si",59669.67,0.0843477096488048,480,0,0,"56+ Adultos Mayores"
"EC-10709","Guayas",27,35,"Asesor Directo","Individual Premium",29.32,0,3,"Si",53241.88,0.0550694303056166,478,0,0,"18-30 Jóvenes"
"EC-10710","Guayas",37,45,"Asesor Directo","Individual Premium",176.8,0,3,"Si",53241.88,0.332069416031139,12,0,0,"31-55 Adultos"
"EC-10711","Guayas",58,21,"Banca Seguros","Familiar Estándar",28.82,1,4,"No",53241.88,0.054130319966162,480,0,0,"56+ Adultos Mayores"
"EC-10712","Guayas",41,21,"Broker Digital","Individual Premium",174,0,2,"Si",53241.88,0.326810398130194,19,0,0,"31-55 Adultos"
"EC-10713","Pichincha",58,9,"Banca Seguros","Familiar Estándar",57.31,1,2,"Si",59669.67,0.0960454448633619,458,0,0,"56+ Adultos Mayores"
"EC-10714","Pichincha",67,3,"Banca Seguros","Familiar Estándar",52.96,0,3,"No",59669.67,0.0887553090204789,466,0,0,"56+ Adultos Mayores"
"EC-10715","Manabí",62,25,"Banca Seguros","Familiar Estándar",142.38,2,3,"Si",11778.96,1.20876545976894,27,0,0,"56+ Adultos Mayores"
"EC-10716","Pichincha",31,25,"Asesor Directo","Familiar Estándar",95.55,1,4,"Si",59669.67,0.160131604548844,309,0,0,"31-55 Adultos"
"EC-10717","Pichincha",54,9,"Banca Seguros","Corporativo Empresarial",127.95,0,2,"Si",59669.67,0.214430547378593,188,0,0,"31-55 Adultos"
"EC-10718","Pichincha",46,20,"Banca Seguros","Individual Premium",155.88,2,3,"No",59669.67,0.261238247169793,84,0,0,"31-55 Adultos"
"EC-10719","Guayas",19,41,"Asesor Directo","Individual Premium",177.78,0,1,"No",53241.88,0.33391007229647,10,0,0,"18-30 Jóvenes"
"EC-10720","Azuay",38,14,"Broker Digital","Individual Premium",144.48,0,3,"No",16510.84,0.875061474764458,40,0,0,"31-55 Adultos"
"EC-10721","Guayas",70,49,"Banca Seguros","Familiar Estándar",121.91,1,5,"No",53241.88,0.228973882965816,184,0,0,"56+ Adultos Mayores"
"EC-10722","Pichincha",69,14,"Banca Seguros","Individual Premium",127.66,0,4,"No",59669.67,0.213944538322401,189,0,0,"56+ Adultos Mayores"
"EC-10723","Guayas",27,60,"Banca Seguros","Corporativo Empresarial",122.13,2,1,"Si",53241.88,0.229387091515176,183,1,122.13,"18-30 Jóvenes"
"EC-10724","Pichincha",63,27,"Broker Digital","Individual Premium",21.6,1,4,"Si",59669.67,0.0361992952198328,569,0,0,"56+ Adultos Mayores"
"EC-10725","Azuay",35,28,"Banca Seguros","Familiar Estándar",38.51,1,3,"Si",16510.84,0.233240707317132,140,0,0,"31-55 Adultos"
"EC-10726","Pichincha",40,52,"Asesor Directo","Familiar Estándar",52.6,0,2,"No",59669.67,0.0881519874334817,469,0,0,"31-55 Adultos"
"EC-10727","Pichincha",33,9,"Banca Seguros","Familiar Estándar",67.91,1,2,"Si",59669.67,0.113809913813835,408,0,0,"31-55 Adultos"
"EC-10728","Azuay",23,12,"Broker Digital","Familiar Estándar",163.32,0,1,"Si",16510.84,0.989168328201351,18,0,0,"18-30 Jóvenes"
"EC-10729","Pichincha",60,4,"Asesor Directo","Individual Premium",120.11,1,3,"Si",59669.67,0.201291543928431,222,0,0,"56+ Adultos Mayores"
"EC-10730","Azuay",37,47,"Asesor Directo","Familiar Estándar",23.17,3,1,"Si",16510.84,0.140332048520851,157,1,23.17,"31-55 Adultos"
"EC-10731","Pichincha",32,35,"Broker Digital","Corporativo Empresarial",101.03,0,2,"No",59669.67,0.169315499817579,289,0,0,"31-55 Adultos"
"EC-10732","Pichincha",22,24,"Asesor Directo","Familiar Estándar",120.63,0,2,"No",59669.67,0.202163008442983,221,0,0,"18-30 Jóvenes"
"EC-10733","Pichincha",29,46,"Broker Digital","Familiar Estándar",148.68,0,4,"No",59669.67,0.249171815429849,109,0,0,"18-30 Jóvenes"
"EC-10734","Guayas",59,33,"Broker Digital","Individual Premium",107.13,0,4,"No",53241.88,0.201213781331538,234,0,0,"56+ Adultos Mayores"
"EC-10735","Azuay",61,32,"Banca Seguros","Corporativo Empresarial",83.06,0,2,"No",16510.84,0.50306344195692,101,0,0,"56+ Adultos Mayores"
"EC-10736","Guayas",50,31,"Banca Seguros","Familiar Estándar",148.66,0,5,"No",53241.88,0.279216286126636,114,0,0,"31-55 Adultos"
"EC-10737","Pichincha",39,17,"Banca Seguros","Individual Premium",137.97,0,3,"No",59669.67,0.231222998216682,148,0,0,"31-55 Adultos"
"EC-10738","Guayas",33,19,"Broker Digital","Individual Premium",150.61,0,2,"Si",53241.88,0.282878816450509,102,0,0,"31-55 Adultos"
"EC-10739","Guayas",65,53,"Broker Digital","Individual Premium",159.72,1,4,"No",53241.88,0.299989406835371,76,0,0,"56+ Adultos Mayores"
"EC-10740","Guayas",57,21,"Broker Digital","Corporativo Empresarial",135.3,0,5,"No",53241.88,0.254123257856409,150,0,0,"56+ Adultos Mayores"
"EC-10741","Pichincha",21,60,"Broker Digital","Familiar Estándar",146.05,0,4,"No",59669.67,0.244764216058175,117,0,0,"18-30 Jóvenes"
"EC-10742","Guayas",59,37,"Asesor Directo","Individual Premium",118.37,2,5,"No",53241.88,0.222324981762477,193,0,0,"56+ Adultos Mayores"
"EC-10743","Pichincha",65,7,"Banca Seguros","Familiar Estándar",129.53,0,3,"No",59669.67,0.217078458788192,181,0,0,"56+ Adultos Mayores"
"EC-10744","Guayas",45,50,"Banca Seguros","Individual Premium",96.76,0,2,"Si",53241.88,0.18173663289125,269,0,0,"31-55 Adultos"
"EC-10745","Guayas",36,47,"Asesor Directo","Familiar Estándar",106.67,1,2,"No",53241.88,0.20034979981924,236,0,0,"31-55 Adultos"
"EC-10746","Pichincha",44,13,"Broker Digital","Individual Premium",40.84,1,3,"No",59669.67,0.0684434822582394,510,0,0,"31-55 Adultos"
"EC-10747","Manabí",41,41,"Banca Seguros","Familiar Estándar",66.08,0,2,"Si",11778.96,0.561000292046157,88,0,0,"31-55 Adultos"
"EC-10748","Tungurahua",23,13,"Banca Seguros","Individual Premium",63.25,1,4,"No",6921.02,0.913882635796458,47,0,0,"18-30 Jóvenes"
"EC-10749","Azuay",58,18,"Banca Seguros","Individual Premium",16.26,0,5,"No",16510.84,0.0984807556732426,162,0,0,"56+ Adultos Mayores"
"EC-10750","Guayas",57,40,"Asesor Directo","Individual Premium",99.51,2,3,"Si",53241.88,0.18690173975825,257,0,0,"56+ Adultos Mayores"
"EC-10751","Pichincha",55,29,"Asesor Directo","Corporativo Empresarial",149.2,0,3,"Si",59669.67,0.250043279944401,106,0,0,"31-55 Adultos"
"EC-10752","Guayas",31,31,"Banca Seguros","Individual Premium",154.22,0,4,"Si",53241.88,0.289659193101371,88,0,0,"31-55 Adultos"
"EC-10753","Guayas",49,47,"Asesor Directo","Corporativo Empresarial",175.15,0,3,"Si",53241.88,0.328970351910939,16,0,0,"31-55 Adultos"
"EC-10754","Pichincha",19,49,"Banca Seguros","Familiar Estándar",133.85,0,4,"No",59669.67,0.224318317832158,167,0,0,"18-30 Jóvenes"
"EC-10755","Guayas",33,1,"Asesor Directo","Familiar Estándar",86.91,1,4,"Si",53241.88,0.163236159203995,306,0,0,"31-55 Adultos"
"EC-10756","Pichincha",70,35,"Banca Seguros","Corporativo Empresarial",59.02,1,3,"No",59669.67,0.0989112224015987,452,0,0,"56+ Adultos Mayores"
"EC-10757","Pichincha",25,39,"Asesor Directo","Familiar Estándar",166.55,0,3,"No",59669.67,0.279120028651072,49,0,0,"18-30 Jóvenes"
"EC-10758","Azuay",22,3,"Asesor Directo","Individual Premium",100.26,0,3,"No",16510.84,0.607237427047927,88,0,0,"18-30 Jóvenes"
"EC-10759","Pichincha",21,58,"Banca Seguros","Familiar Estándar",25.63,1,1,"Si",59669.67,0.0429531452076072,553,0,0,"18-30 Jóvenes"
"EC-10760","Guayas",22,30,"Banca Seguros","Corporativo Empresarial",60.32,0,5,"No",53241.88,0.113294271351801,385,0,0,"18-30 Jóvenes"
"EC-10761","Pichincha",57,29,"Broker Digital","Individual Premium",25.85,0,5,"No",59669.67,0.0433218417329943,552,0,0,"56+ Adultos Mayores"
"EC-10762","Guayas",35,10,"Banca Seguros","Familiar Estándar",72.15,1,4,"No",53241.88,0.135513621983296,348,0,0,"31-55 Adultos"
"EC-10763","Manabí",70,29,"Banca Seguros","Individual Premium",96.04,2,3,"Si",11778.96,0.815352119372169,66,0,0,"56+ Adultos Mayores"
"EC-10764","Pichincha",49,29,"Broker Digital","Familiar Estándar",159.81,0,4,"No",59669.67,0.267824507827846,76,0,0,"31-55 Adultos"
"EC-10765","Pichincha",29,20,"Banca Seguros","Corporativo Empresarial",111.14,0,5,"No",59669.67,0.186258781052417,256,0,0,"18-30 Jóvenes"
"EC-10766","Guayas",21,19,"Broker Digital","Familiar Estándar",146.07,0,4,"No",53241.88,0.274351694568261,122,0,0,"18-30 Jóvenes"
"EC-10767","Azuay",36,52,"Broker Digital","Familiar Estándar",117.58,0,3,"No",16510.84,0.712138207383755,68,0,0,"31-55 Adultos"
"EC-10768","Pichincha",24,51,"Asesor Directo","Individual Premium",99.51,0,4,"No",59669.67,0.166768142005813,297,0,0,"18-30 Jóvenes"
"EC-10769","Pichincha",66,35,"Banca Seguros","Familiar Estándar",60.17,0,3,"No",59669.67,0.100838499693395,446,0,0,"56+ Adultos Mayores"
"EC-10770","Pichincha",58,36,"Asesor Directo","Familiar Estándar",71.55,0,2,"Si",59669.67,0.119910165415696,397,0,0,"56+ Adultos Mayores"
"EC-10771","Manabí",64,19,"Banca Seguros","Familiar Estándar",179.34,2,3,"Si",11778.96,1.52254528413374,1,0,0,"56+ Adultos Mayores"
"EC-10772","Guayas",49,31,"Asesor Directo","Individual Premium",122.66,0,3,"Si",53241.88,0.230382548474998,182,0,0,"31-55 Adultos"
"EC-10773","Pichincha",22,13,"Broker Digital","Individual Premium",46.86,0,4,"No",59669.67,0.0785323599074706,494,0,0,"18-30 Jóvenes"
"EC-10774","Guayas",44,23,"Banca Seguros","Individual Premium",55.81,0,4,"No",53241.88,0.10482349608992,398,0,0,"31-55 Adultos"
"EC-10775","Pichincha",40,20,"Broker Digital","Individual Premium",52.33,1,4,"No",59669.67,0.0876994962432338,470,0,0,"31-55 Adultos"
"EC-10776","Pichincha",52,47,"Banca Seguros","Individual Premium",140.71,0,3,"No",59669.67,0.23581494585105,136,0,0,"31-55 Adultos"
"EC-10777","Guayas",64,45,"Banca Seguros","Corporativo Empresarial",143.02,1,4,"No",53241.88,0.268623121497588,131,0,0,"56+ Adultos Mayores"
"EC-10778","Guayas",40,27,"Banca Seguros","Individual Premium",146.32,0,4,"Si",53241.88,0.274821249737988,121,0,0,"31-55 Adultos"
"EC-10779","Guayas",62,4,"Banca Seguros","Familiar Estándar",115.79,0,4,"Si",53241.88,0.217479172410892,203,0,0,"56+ Adultos Mayores"
"EC-10780","Pichincha",44,9,"Asesor Directo","Individual Premium",110.53,1,3,"No",59669.67,0.185236486141117,259,0,0,"31-55 Adultos"
"EC-10781","Azuay",26,10,"Banca Seguros","Familiar Estándar",16.16,0,2,"No",16510.84,0.0978750929692251,163,0,0,"18-30 Jóvenes"
"EC-10782","Tungurahua",40,17,"Broker Digital","Familiar Estándar",32.89,0,5,"No",6921.02,0.475218970614158,59,0,0,"31-55 Adultos"
"EC-10783","Pichincha",25,3,"Asesor Directo","Corporativo Empresarial",130.77,1,2,"Si",59669.67,0.219156566476738,177,0,0,"18-30 Jóvenes"
"EC-10784","Pichincha",55,45,"Banca Seguros","Corporativo Empresarial",38.42,0,4,"No",59669.67,0.0643878204789804,517,0,0,"31-55 Adultos"
"EC-10785","Azuay",60,48,"Banca Seguros","Familiar Estándar",92.48,1,5,"No",16510.84,0.560116868675367,93,0,0,"56+ Adultos Mayores"
"EC-10786","Guayas",22,46,"Banca Seguros","Corporativo Empresarial",84.17,0,4,"No",53241.88,0.158089834543784,315,0,0,"18-30 Jóvenes"
"EC-10787","Pichincha",18,28,"Banca Seguros","Familiar Estándar",109.75,0,5,"No",59669.67,0.183929289369289,262,0,0,"18-30 Jóvenes"
"EC-10788","Guayas",29,13,"Asesor Directo","Familiar Estándar",163.23,0,3,"No",53241.88,0.306581961418342,67,0,0,"18-30 Jóvenes"
"EC-10789","Guayas",40,10,"Broker Digital","Corporativo Empresarial",120.3,0,3,"Si",53241.88,0.225949947672772,187,0,0,"31-55 Adultos"
"EC-10790","Pichincha",42,33,"Banca Seguros","Familiar Estándar",90.49,0,3,"No",59669.67,0.151651584464938,327,0,0,"31-55 Adultos"
"EC-10791","Pichincha",54,36,"Asesor Directo","Familiar Estándar",114.73,0,4,"No",59669.67,0.192275237989417,247,0,0,"31-55 Adultos"
"EC-10792","Guayas",39,42,"Banca Seguros","Individual Premium",32.55,0,1,"Si",53241.88,0.0611360830984931,467,0,0,"31-55 Adultos"
"EC-10793","Pichincha",61,42,"Asesor Directo","Familiar Estándar",102.25,0,2,"No",59669.67,0.171360089640181,282,0,0,"56+ Adultos Mayores"
"EC-10794","Pichincha",22,24,"Banca Seguros","Individual Premium",63.35,0,3,"Si",59669.67,0.106167840378537,430,0,0,"18-30 Jóvenes"
"EC-10795","Guayas",24,1,"Banca Seguros","Individual Premium",62.51,0,2,"No",53241.88,0.117407574638612,379,0,0,"18-30 Jóvenes"
"EC-10796","Manabí",37,32,"Banca Seguros","Individual Premium",81.44,1,4,"No",11778.96,0.691402296976983,74,0,0,"31-55 Adultos"
"EC-10797","Guayas",59,22,"Banca Seguros","Corporativo Empresarial",134.04,0,3,"No",53241.88,0.251756699800984,153,0,0,"56+ Adultos Mayores"
"EC-10798","Pichincha",41,16,"Asesor Directo","Corporativo Empresarial",41.36,0,3,"Si",59669.67,0.0693149467727909,507,0,0,"31-55 Adultos"
"EC-10799","Pichincha",40,40,"Asesor Directo","Individual Premium",179.23,0,4,"No",59669.67,0.300370355659751,3,0,0,"31-55 Adultos"
"EC-10800","Manabí",27,4,"Broker Digital","Individual Premium",47.37,0,3,"Si",11778.96,0.40215774567534,99,0,0,"18-30 Jóvenes"
"EC-10801","Pichincha",50,24,"Banca Seguros","Individual Premium",82.64,0,3,"No",59669.67,0.138495822081805,352,0,0,"31-55 Adultos"
"EC-10802","Guayas",68,54,"Banca Seguros","Familiar Estándar",130.49,0,5,"No",53241.88,0.245089016390856,162,0,0,"56+ Adultos Mayores"
"EC-10803","Azuay",59,13,"Banca Seguros","Familiar Estándar",143.27,0,3,"No",16510.84,0.867732956045846,43,0,0,"56+ Adultos Mayores"
"EC-10804","Pichincha",44,17,"Banca Seguros","Familiar Estándar",24.54,0,1,"No",59669.67,0.0411264215136434,556,0,0,"31-55 Adultos"
"EC-10805","Manabí",53,12,"Banca Seguros","Corporativo Empresarial",117.48,1,4,"No",11778.96,0.997371584588113,46,0,0,"31-55 Adultos"
"EC-10806","Guayas",21,43,"Broker Digital","Individual Premium",59.39,0,4,"No",53241.88,0.111547526120415,388,0,0,"18-30 Jóvenes"
"EC-10807","Manabí",39,60,"Banca Seguros","Familiar Estándar",163.67,3,5,"Si",11778.96,1.38951146790549,9,0,0,"31-55 Adultos"
"EC-10808","Pichincha",56,10,"Banca Seguros","Familiar Estándar",153.48,0,5,"Si",59669.67,0.257216103256479,93,0,0,"56+ Adultos Mayores"
"EC-10809","Azuay",21,1,"Asesor Directo","Familiar Estándar",122.47,2,3,"Si",16510.84,0.74175511361021,64,0,0,"18-30 Jóvenes"
"EC-10810","Pichincha",51,60,"Broker Digital","Individual Premium",165.57,0,4,"No",59669.67,0.277477653219802,56,0,0,"31-55 Adultos"
"EC-10811","Azuay",69,7,"Banca Seguros","Individual Premium",79.23,2,3,"Si",16510.84,0.479866560393051,106,0,0,"56+ Adultos Mayores"
"EC-10812","Tungurahua",38,10,"Banca Seguros","Corporativo Empresarial",50.5,0,3,"No",6921.02,0.729661234904682,56,0,0,"31-55 Adultos"
"EC-10813","Guayas",43,32,"Banca Seguros","Individual Premium",78.05,1,3,"No",53241.88,0.14659512398886,329,0,0,"31-55 Adultos"
"EC-10814","Manabí",52,34,"Banca Seguros","Individual Premium",117.45,0,4,"Si",11778.96,0.997116893172233,47,0,0,"31-55 Adultos"
"EC-10815","Azuay",18,20,"Asesor Directo","Corporativo Empresarial",148,0,3,"No",16510.84,0.896380801945873,35,0,0,"18-30 Jóvenes"
"EC-10816","Guayas",41,36,"Banca Seguros","Familiar Estándar",150.43,0,2,"No",53241.88,0.282540736728305,104,0,0,"31-55 Adultos"
"EC-10817","Pichincha",63,38,"Banca Seguros","Familiar Estándar",105.14,0,3,"Si",59669.67,0.176203421269131,276,0,0,"56+ Adultos Mayores"
"EC-10818","Pichincha",21,29,"Asesor Directo","Corporativo Empresarial",104.17,0,5,"No",59669.67,0.174577804770832,278,0,0,"18-30 Jóvenes"
"EC-10819","Guayas",59,12,"Broker Digital","Familiar Estándar",156.67,0,1,"No",53241.88,0.294260833764698,82,0,0,"56+ Adultos Mayores"
"EC-10820","Guayas",29,14,"Banca Seguros","Individual Premium",170.47,1,3,"Si",53241.88,0.320180279133644,32,0,0,"18-30 Jóvenes"
"EC-10821","Pichincha",46,17,"Banca Seguros","Corporativo Empresarial",30.37,3,5,"No",59669.67,0.0508968794364038,539,0,0,"31-55 Adultos"
"EC-10822","Pichincha",57,45,"Banca Seguros","Familiar Estándar",146.85,0,3,"No",59669.67,0.246104930695947,113,0,0,"56+ Adultos Mayores"
"EC-10823","Pichincha",44,40,"Asesor Directo","Individual Premium",157.46,0,4,"No",59669.67,0.263886158579392,79,0,0,"31-55 Adultos"
"EC-10824","Guayas",69,19,"Banca Seguros","Familiar Estándar",175.14,1,3,"Si",53241.88,0.32895156970415,17,0,0,"56+ Adultos Mayores"
"EC-10825","Tungurahua",35,13,"Banca Seguros","Individual Premium",170.94,0,4,"No",6921.02,2.46986715830904,6,0,0,"31-55 Adultos"
"EC-10826","Azuay",32,20,"Broker Digital","Familiar Estándar",174.18,0,3,"Si",16510.84,1.05494329785765,8,0,0,"31-55 Adultos"
"EC-10827","Pichincha",52,33,"Broker Digital","Individual Premium",122.36,0,4,"No",59669.67,0.205062303847164,208,0,0,"31-55 Adultos"
"EC-10828","Guayas",56,49,"Banca Seguros","Individual Premium",87.34,0,3,"Si",53241.88,0.164043794095926,303,0,0,"56+ Adultos Mayores"
"EC-10829","Pichincha",62,36,"Banca Seguros","Familiar Estándar",125.63,0,3,"Si",59669.67,0.210542474929055,195,0,0,"56+ Adultos Mayores"
"EC-10830","Guayas",61,2,"Asesor Directo","Corporativo Empresarial",39.77,0,3,"No",53241.88,0.0746968364002173,445,0,0,"56+ Adultos Mayores"
"EC-10831","Guayas",29,4,"Banca Seguros","Corporativo Empresarial",178.39,1,4,"Si",53241.88,0.335055786910605,6,0,0,"18-30 Jóvenes"
"EC-10832","Azuay",45,19,"Banca Seguros","Individual Premium",37.81,0,2,"Si",16510.84,0.22900106838901,141,0,0,"31-55 Adultos"
"EC-10833","Guayas",31,59,"Banca Seguros","Familiar Estándar",168.64,0,1,"Si",53241.88,0.316743135291241,45,0,0,"31-55 Adultos"
"EC-10834","Azuay",63,39,"Banca Seguros","Familiar Estándar",157.96,0,2,"No",16510.84,0.956704807266014,22,0,0,"56+ Adultos Mayores"
"EC-10835","Manabí",34,58,"Banca Seguros","Familiar Estándar",34.42,0,4,"No",11778.96,0.292215951153582,105,0,0,"31-55 Adultos"
"EC-10836","Guayas",23,23,"Asesor Directo","Individual Premium",157.48,0,1,"Si",53241.88,0.295782192514614,80,0,0,"18-30 Jóvenes"
"EC-10837","Azuay",56,33,"Broker Digital","Familiar Estándar",138.59,0,4,"No",16510.84,0.839387941497828,47,0,0,"56+ Adultos Mayores"
"EC-10838","Guayas",28,53,"Broker Digital","Familiar Estándar",66.51,0,5,"No",53241.88,0.124920457354248,363,0,0,"18-30 Jóvenes"
"EC-10839","Guayas",27,45,"Banca Seguros","Familiar Estándar",115.37,0,4,"No",53241.88,0.21669031972575,206,0,0,"18-30 Jóvenes"
"EC-10840","Azuay",58,51,"Banca Seguros","Familiar Estándar",81.13,1,5,"Si",16510.84,0.491374151769383,104,0,0,"56+ Adultos Mayores"
"EC-10841","Manabí",36,22,"Banca Seguros","Individual Premium",96.66,1,4,"Si",11778.96,0.820615741967033,64,0,0,"31-55 Adultos"
"EC-10842","Guayas",38,32,"Banca Seguros","Individual Premium",15.5,0,5,"No",53241.88,0.029112420523092,526,0,0,"31-55 Adultos"
"EC-10843","Manabí",46,13,"Broker Digital","Familiar Estándar",143.07,0,5,"No",11778.96,1.2146233623342,26,0,0,"31-55 Adultos"
"EC-10844","Manabí",24,49,"Banca Seguros","Corporativo Empresarial",159.09,0,3,"Si",11778.96,1.35062857841439,11,0,0,"18-30 Jóvenes"
"EC-10845","Guayas",56,4,"Banca Seguros","Individual Premium",52.8,1,2,"Si",53241.88,0.0991700518464036,410,0,0,"56+ Adultos Mayores"
"EC-10846","Pichincha",21,36,"Banca Seguros","Corporativo Empresarial",99.76,2,4,"Si",59669.67,0.167187115330117,296,0,0,"18-30 Jóvenes"
"EC-10847","Guayas",37,52,"Banca Seguros","Individual Premium",91.24,1,2,"Si",53241.88,0.171368854743672,293,0,0,"31-55 Adultos"
"EC-10848","Guayas",68,23,"Asesor Directo","Corporativo Empresarial",169.58,0,3,"No",53241.88,0.318508662729415,39,0,0,"56+ Adultos Mayores"
"EC-10849","Pichincha",34,31,"Banca Seguros","Familiar Estándar",92.4,0,5,"Si",59669.67,0.154852540662618,324,0,0,"31-55 Adultos"
"EC-10850","Azuay",23,51,"Broker Digital","Corporativo Empresarial",167.68,0,2,"Si",16510.84,1.01557522209651,14,0,0,"18-30 Jóvenes"
"EC-10851","Pichincha",70,12,"Banca Seguros","Corporativo Empresarial",135.58,0,3,"No",59669.67,0.227217613236339,156,0,0,"56+ Adultos Mayores"
"EC-10852","Pichincha",52,14,"Asesor Directo","Corporativo Empresarial",102.69,1,2,"Si",59669.67,0.172097482690955,281,0,0,"31-55 Adultos"
"EC-10853","Guayas",60,47,"Asesor Directo","Corporativo Empresarial",116.79,0,4,"No",53241.88,0.219357393089801,199,0,0,"56+ Adultos Mayores"
"EC-10854","Pichincha",23,38,"Asesor Directo","Familiar Estándar",55.59,1,4,"No",59669.67,0.093162908392153,463,0,0,"18-30 Jóvenes"
"EC-10855","Guayas",18,20,"Asesor Directo","Individual Premium",163.48,0,4,"Si",53241.88,0.307051516588069,63,0,0,"18-30 Jóvenes"
"EC-10856","Guayas",27,17,"Asesor Directo","Familiar Estándar",38.56,0,5,"No",53241.88,0.0724241893787372,447,0,0,"18-30 Jóvenes"
"EC-10857","Guayas",26,27,"Banca Seguros","Individual Premium",170.2,0,4,"Si",53241.88,0.319673159550339,34,0,0,"18-30 Jóvenes"
"EC-10858","Pichincha",63,2,"Banca Seguros","Corporativo Empresarial",32.07,0,3,"No",59669.67,0.0537458980416684,533,0,0,"56+ Adultos Mayores"
"EC-10859","Guayas",42,4,"Banca Seguros","Corporativo Empresarial",160.84,1,1,"Si",53241.88,0.302093013995749,74,0,0,"31-55 Adultos"
"EC-10860","Pichincha",19,23,"Banca Seguros","Familiar Estándar",178.54,1,3,"Si",59669.67,0.299213989284673,6,0,0,"18-30 Jóvenes"
"EC-10861","Pichincha",66,41,"Banca Seguros","Individual Premium",177.27,1,5,"No",59669.67,0.297085604797211,14,0,0,"56+ Adultos Mayores"
"EC-10862","Azuay",32,45,"Broker Digital","Corporativo Empresarial",34.02,0,4,"No",16510.84,0.206046451906747,146,0,0,"31-55 Adultos"
"EC-10863","Pichincha",49,8,"Asesor Directo","Corporativo Empresarial",173.88,0,3,"Si",59669.67,0.291404326519654,26,0,0,"31-55 Adultos"
"EC-10864","Tungurahua",62,16,"Asesor Directo","Familiar Estándar",165.88,0,3,"No",6921.02,2.39675654744532,8,0,0,"56+ Adultos Mayores"
"EC-10865","Guayas",49,33,"Banca Seguros","Individual Premium",150.51,0,1,"No",53241.88,0.282690994382618,103,0,0,"31-55 Adultos"
"EC-10866","Guayas",21,12,"Banca Seguros","Individual Premium",94.01,0,3,"No",53241.88,0.17657152602425,279,0,0,"18-30 Jóvenes"
"EC-10867","Pichincha",50,21,"Banca Seguros","Individual Premium",75.41,1,5,"No",59669.67,0.126379113542944,379,0,0,"31-55 Adultos"
"EC-10868","Azuay",20,19,"Broker Digital","Corporativo Empresarial",107.63,0,2,"No",16510.84,0.651874768334016,76,0,0,"18-30 Jóvenes"
"EC-10869","Guayas",32,38,"Asesor Directo","Corporativo Empresarial",66.15,0,1,"Si",53241.88,0.124244297909841,365,0,0,"31-55 Adultos"
"EC-10870","Pichincha",27,39,"Banca Seguros","Familiar Estándar",75.79,0,4,"No",59669.67,0.127015952995886,378,0,0,"18-30 Jóvenes"
"EC-10871","Tungurahua",54,4,"Banca Seguros","Familiar Estándar",152.37,0,4,"Si",6921.02,2.20155410618666,18,0,0,"31-55 Adultos"
"EC-10872","Guayas",66,18,"Banca Seguros","Familiar Estándar",128.78,1,4,"Si",53241.88,0.241877259029922,169,0,0,"56+ Adultos Mayores"
"EC-10873","Pichincha",68,46,"Broker Digital","Individual Premium",129.63,0,4,"No",59669.67,0.217246048117913,180,0,0,"56+ Adultos Mayores"
"EC-10874","Pichincha",19,3,"Banca Seguros","Individual Premium",74.77,0,2,"Si",59669.67,0.125306541832727,382,0,0,"18-30 Jóvenes"
"EC-10875","Guayas",57,18,"Banca Seguros","Familiar Estándar",146.96,0,4,"No",53241.88,0.27602331097249,119,0,0,"56+ Adultos Mayores"
"EC-10876","Pichincha",64,8,"Asesor Directo","Familiar Estándar",171.11,0,2,"Si",59669.67,0.28676210208637,31,0,0,"56+ Adultos Mayores"
"EC-10877","Guayas",35,9,"Broker Digital","Individual Premium",137.14,0,4,"No",53241.88,0.257579183905602,146,0,0,"31-55 Adultos"
"EC-10878","Manabí",64,44,"Banca Seguros","Individual Premium",109.64,0,4,"No",11778.96,0.930812227904671,54,0,0,"56+ Adultos Mayores"
"EC-10879","Pichincha",21,51,"Banca Seguros","Individual Premium",167.2,1,4,"Si",59669.67,0.280209359294261,42,0,0,"18-30 Jóvenes"
"EC-10880","Azuay",51,4,"Broker Digital","Individual Premium",156.63,0,3,"No",16510.84,0.948649493302582,27,0,0,"31-55 Adultos"
"EC-10881","Guayas",26,2,"Banca Seguros","Corporativo Empresarial",106.25,0,1,"No",53241.88,0.199560947134098,239,0,0,"18-30 Jóvenes"
"EC-10882","Guayas",60,14,"Asesor Directo","Individual Premium",96.58,0,4,"No",53241.88,0.181398553169047,271,0,0,"56+ Adultos Mayores"
"EC-10883","Pichincha",70,46,"Banca Seguros","Individual Premium",177.2,0,4,"No",59669.67,0.296968292266406,15,0,0,"56+ Adultos Mayores"
"EC-10884","Pichincha",18,25,"Broker Digital","Corporativo Empresarial",86.15,1,4,"No",59669.67,0.144378207555028,342,0,0,"18-30 Jóvenes"
"EC-10885","Guayas",21,18,"Banca Seguros","Individual Premium",123.88,0,4,"Si",53241.88,0.232673977703267,178,0,0,"18-30 Jóvenes"
"EC-10886","Pichincha",35,18,"Asesor Directo","Corporativo Empresarial",84.29,0,4,"Si",59669.67,0.141261046022209,345,0,0,"31-55 Adultos"
"EC-10887","Pichincha",68,32,"Asesor Directo","Individual Premium",166.58,1,4,"Si",59669.67,0.279170305449988,48,0,0,"56+ Adultos Mayores"
"EC-10888","Guayas",67,9,"Banca Seguros","Individual Premium",44.36,0,5,"No",53241.88,0.0833178693164103,431,0,0,"56+ Adultos Mayores"
"EC-10889","Pichincha",54,18,"Banca Seguros","Corporativo Empresarial",71.37,0,3,"Si",59669.67,0.119608504622198,398,0,0,"31-55 Adultos"
"EC-10890","Pichincha",55,8,"Broker Digital","Familiar Estándar",122.03,2,3,"No",59669.67,0.204509259059083,211,0,0,"31-55 Adultos"
"EC-10891","Pichincha",44,36,"Asesor Directo","Familiar Estándar",124.63,2,2,"Si",59669.67,0.208866581631841,198,1,124.63,"31-55 Adultos"
"EC-10892","Tungurahua",54,41,"Banca Seguros","Familiar Estándar",69.02,1,3,"No",6921.02,0.997251850160814,45,0,0,"31-55 Adultos"
"EC-10893","Pichincha",53,25,"Banca Seguros","Corporativo Empresarial",64.88,2,4,"Si",59669.67,0.108731957123276,422,0,0,"31-55 Adultos"
"EC-10894","Guayas",68,32,"Banca Seguros","Individual Premium",120.68,0,4,"Si",53241.88,0.226663671530757,186,0,0,"56+ Adultos Mayores"
"EC-10895","Guayas",57,48,"Banca Seguros","Familiar Estándar",24.98,1,4,"No",53241.88,0.0469179525591508,494,0,0,"56+ Adultos Mayores"
"EC-10896","Guayas",27,33,"Broker Digital","Familiar Estándar",111.35,0,4,"No",53241.88,0.209139872596535,218,0,0,"18-30 Jóvenes"
"EC-10897","Pichincha",55,23,"Asesor Directo","Familiar Estándar",33.09,0,1,"No",59669.67,0.0554553092048272,529,0,0,"31-55 Adultos"
"EC-10898","Pichincha",21,38,"Broker Digital","Corporativo Empresarial",126.79,2,3,"Si",59669.67,0.212486511153824,192,0,0,"18-30 Jóvenes"
"EC-10899","Guayas",48,21,"Banca Seguros","Corporativo Empresarial",176.96,0,1,"No",53241.88,0.332369931339765,11,0,0,"31-55 Adultos"
"EC-10900","Guayas",18,17,"Banca Seguros","Familiar Estándar",147.92,0,2,"No",53241.88,0.277826402824243,116,0,0,"18-30 Jóvenes"
"EC-10901","Guayas",52,20,"Asesor Directo","Individual Premium",42.07,3,3,"Si",53241.88,0.0790167439617083,438,0,0,"31-55 Adultos"
"EC-10902","Manabí",21,60,"Banca Seguros","Corporativo Empresarial",70.23,0,4,"No",11778.96,0.596232604576295,86,0,0,"18-30 Jóvenes"
"EC-10903","Pichincha",70,38,"Asesor Directo","Familiar Estándar",19.6,0,5,"No",59669.67,0.0328475086254038,578,0,0,"56+ Adultos Mayores"
"EC-10904","Guayas",52,49,"Asesor Directo","Individual Premium",89.38,1,3,"Si",53241.88,0.167875364280901,297,0,0,"31-55 Adultos"
"EC-10905","Pichincha",47,23,"Banca Seguros","Corporativo Empresarial",78.52,0,3,"No",59669.67,0.131591141697281,364,0,0,"31-55 Adultos"
"EC-10906","Guayas",49,42,"Banca Seguros","Individual Premium",166.71,0,3,"No",53241.88,0.313118169380946,52,0,0,"31-55 Adultos"
"EC-10907","Manabí",21,51,"Broker Digital","Individual Premium",51.97,0,3,"No",11778.96,0.441210429443686,96,0,0,"18-30 Jóvenes"
"EC-10908","Manabí",21,23,"Banca Seguros","Familiar Estándar",90.74,0,4,"Si",11778.96,0.770356635899944,68,0,0,"18-30 Jóvenes"
"EC-10909","Pichincha",37,29,"Banca Seguros","Familiar Estándar",137.99,0,5,"No",59669.67,0.231256516082626,147,0,0,"31-55 Adultos"
"EC-10910","Azuay",55,55,"Asesor Directo","Familiar Estándar",178.45,0,4,"No",16510.84,1.0808050953192,2,0,0,"31-55 Adultos"
"EC-10911","Pichincha",33,51,"Banca Seguros","Individual Premium",87.75,0,2,"Si",59669.67,0.147059636830571,335,0,0,"31-55 Adultos"
"EC-10912","Guayas",64,40,"Asesor Directo","Familiar Estándar",163.23,0,5,"No",53241.88,0.306581961418342,67,0,0,"56+ Adultos Mayores"
"EC-10913","Pichincha",22,44,"Banca Seguros","Individual Premium",109.42,1,5,"Si",59669.67,0.183376244581209,263,0,0,"18-30 Jóvenes"
"EC-10914","Azuay",44,40,"Asesor Directo","Familiar Estándar",40.41,0,3,"Si",16510.84,0.244748298693464,136,0,0,"31-55 Adultos"
"EC-10915","Manabí",56,9,"Banca Seguros","Familiar Estándar",79.26,0,2,"No",11778.96,0.672894720756332,78,0,0,"56+ Adultos Mayores"
"EC-10916","Guayas",58,15,"Banca Seguros","Corporativo Empresarial",133.63,1,3,"Si",53241.88,0.250986629322631,154,0,0,"56+ Adultos Mayores"
"EC-10917","Pichincha",25,18,"Banca Seguros","Individual Premium",99.81,1,4,"Si",59669.67,0.167270909994977,295,0,0,"18-30 Jóvenes"
"EC-10918","Tungurahua",21,43,"Asesor Directo","Corporativo Empresarial",159.85,0,3,"No",6921.02,2.3096306613765,11,0,0,"18-30 Jóvenes"
"EC-10919","Pichincha",21,58,"Banca Seguros","Individual Premium",134.93,0,4,"No",59669.67,0.22612828259315,160,0,0,"18-30 Jóvenes"
"EC-10920","Guayas",56,2,"Broker Digital","Familiar Estándar",138.32,0,4,"No",53241.88,0.259795484306715,142,0,0,"56+ Adultos Mayores"
"EC-10921","Azuay",22,52,"Asesor Directo","Individual Premium",150.45,0,5,"No",16510.84,0.911219538194301,31,0,0,"18-30 Jóvenes"
"EC-10922","Azuay",42,19,"Banca Seguros","Individual Premium",36.63,0,5,"No",16510.84,0.221854248481604,144,0,0,"31-55 Adultos"
"EC-10923","Manabí",37,30,"Asesor Directo","Familiar Estándar",54.21,0,3,"No",11778.96,0.460227388496098,94,0,0,"31-55 Adultos"
"EC-10924","Azuay",66,18,"Banca Seguros","Individual Premium",101.51,0,3,"No",16510.84,0.614808210848146,86,0,0,"56+ Adultos Mayores"
"EC-10925","Guayas",54,15,"Asesor Directo","Individual Premium",175.98,2,4,"Si",53241.88,0.330529275074434,14,0,0,"31-55 Adultos"
"EC-10926","Azuay",18,10,"Banca Seguros","Familiar Estándar",40.31,0,3,"Si",16510.84,0.244142635989447,137,0,0,"18-30 Jóvenes"
"EC-10927","Tungurahua",19,7,"Banca Seguros","Familiar Estándar",159.13,1,2,"Si",6921.02,2.29922757050261,12,0,0,"18-30 Jóvenes"
"EC-10928","Azuay",21,2,"Broker Digital","Familiar Estándar",27.05,0,4,"No",16510.84,0.163831761436729,152,0,0,"18-30 Jóvenes"
"EC-10929","Pichincha",42,57,"Banca Seguros","Familiar Estándar",71.09,0,2,"Si",59669.67,0.119139254498977,401,0,0,"31-55 Adultos"
"EC-10930","Guayas",48,52,"Banca Seguros","Familiar Estándar",48.24,0,2,"Si",53241.88,0.0906053655505779,423,0,0,"31-55 Adultos"
"EC-10931","Guayas",44,6,"Asesor Directo","Individual Premium",49.99,1,2,"No",53241.88,0.0938922517386689,418,0,0,"31-55 Adultos"
"EC-10932","Pichincha",63,3,"Banca Seguros","Familiar Estándar",126.93,0,2,"Si",59669.67,0.212721136215434,191,0,0,"56+ Adultos Mayores"
"EC-10933","Pichincha",29,21,"Banca Seguros","Familiar Estándar",141.17,0,4,"Si",59669.67,0.236585856767768,135,0,0,"18-30 Jóvenes"
"EC-10934","Pichincha",39,20,"Asesor Directo","Familiar Estándar",45.01,0,5,"No",59669.67,0.0754319573076238,501,0,0,"31-55 Adultos"
"EC-10935","Azuay",33,34,"Broker Digital","Individual Premium",50.65,1,3,"Si",16510.84,0.306768159584855,129,0,0,"31-55 Adultos"
"EC-10936","Tungurahua",21,24,"Banca Seguros","Individual Premium",152.51,0,3,"No",6921.02,2.20357692941214,17,0,0,"18-30 Jóvenes"
"EC-10937","Manabí",57,59,"Banca Seguros","Familiar Estándar",36.29,1,3,"Si",11778.96,0.308091716076801,103,0,0,"56+ Adultos Mayores"
"EC-10938","Tungurahua",51,16,"Banca Seguros","Corporativo Empresarial",89.41,3,5,"No",6921.02,1.29186160421441,39,0,0,"31-55 Adultos"
"EC-10939","Pichincha",40,14,"Banca Seguros","Individual Premium",26.69,0,4,"No",59669.67,0.0447295921026545,550,0,0,"31-55 Adultos"
"EC-10940","Guayas",57,7,"Asesor Directo","Individual Premium",41.35,1,1,"No",53241.88,0.0776644250728938,441,0,0,"56+ Adultos Mayores"
"EC-10941","Azuay",21,20,"Asesor Directo","Individual Premium",117.62,1,3,"Si",16510.84,0.712380472465362,67,0,0,"18-30 Jóvenes"
"EC-10942","Pichincha",21,14,"Broker Digital","Individual Premium",155.88,0,4,"No",59669.67,0.261238247169793,84,0,0,"18-30 Jóvenes"
"EC-10943","Manabí",65,32,"Asesor Directo","Familiar Estándar",141.31,1,4,"Si",11778.96,1.19968146593587,28,0,0,"56+ Adultos Mayores"
"EC-10944","Pichincha",19,31,"Banca Seguros","Individual Premium",74.34,2,3,"Si",59669.67,0.124585907714925,386,0,0,"18-30 Jóvenes"
"EC-10945","Azuay",41,14,"Asesor Directo","Corporativo Empresarial",56.7,0,2,"No",16510.84,0.343410753177912,125,0,0,"31-55 Adultos"
"EC-10946","Pichincha",30,52,"Asesor Directo","Corporativo Empresarial",165.61,0,3,"No",59669.67,0.27754468895169,55,0,0,"18-30 Jóvenes"
"EC-10947","Pichincha",31,13,"Banca Seguros","Individual Premium",165.71,0,3,"No",59669.67,0.277712278281412,52,0,0,"31-55 Adultos"
"EC-10948","Pichincha",66,35,"Banca Seguros","Familiar Estándar",58.02,0,3,"Si",59669.67,0.0972353291043842,456,0,0,"56+ Adultos Mayores"
"EC-10949","Guayas",50,10,"Broker Digital","Familiar Estándar",21.61,0,4,"No",53241.88,0.0405883488712269,501,0,0,"31-55 Adultos"
"EC-10950","Azuay",64,25,"Banca Seguros","Corporativo Empresarial",45.11,0,5,"No",16510.84,0.273214445782286,134,0,0,"56+ Adultos Mayores"
"EC-10951","Pichincha",65,10,"Asesor Directo","Corporativo Empresarial",50.48,0,5,"No",59669.67,0.084599093643387,479,0,0,"56+ Adultos Mayores"
"EC-10952","Guayas",30,44,"Banca Seguros","Familiar Estándar",97.88,0,3,"No",53241.88,0.183840240051629,263,0,0,"18-30 Jóvenes"
"EC-10953","Pichincha",63,37,"Asesor Directo","Corporativo Empresarial",97.49,0,3,"Si",59669.67,0.16338283754544,301,0,0,"56+ Adultos Mayores"
"EC-10954","Manabí",30,39,"Asesor Directo","Individual Premium",69.26,1,2,"Si",11778.96,0.587997582129492,87,0,0,"18-30 Jóvenes"
"EC-10955","Pichincha",66,34,"Banca Seguros","Familiar Estándar",110.42,2,3,"Si",59669.67,0.185052137878423,260,0,0,"56+ Adultos Mayores"
"EC-10956","Pichincha",44,45,"Banca Seguros","Individual Premium",18.08,0,4,"No",59669.67,0.0303001508136378,585,0,0,"31-55 Adultos"
"EC-10957","Tungurahua",26,4,"Banca Seguros","Individual Premium",31.5,1,5,"Si",6921.02,0.455135225732623,62,0,0,"18-30 Jóvenes"
"EC-10958","Pichincha",54,53,"Asesor Directo","Familiar Estándar",48.58,1,5,"No",59669.67,0.0814148963786795,486,0,0,"31-55 Adultos"
"EC-10959","Pichincha",50,53,"Banca Seguros","Familiar Estándar",116.98,0,5,"No",59669.67,0.19604599790815,238,0,0,"31-55 Adultos"
"EC-10960","Guayas",35,8,"Asesor Directo","Individual Premium",36.36,0,1,"Si",53241.88,0.068292103885137,453,0,0,"31-55 Adultos"
"EC-10961","Guayas",54,44,"Banca Seguros","Individual Premium",67.69,0,4,"No",53241.88,0.127136757755361,358,0,0,"31-55 Adultos"
"EC-10962","Manabí",35,30,"Broker Digital","Individual Premium",32.44,0,1,"Si",11778.96,0.275406317705468,107,0,0,"31-55 Adultos"
"EC-10963","Pichincha",39,10,"Asesor Directo","Familiar Estándar",56.55,0,3,"Si",59669.67,0.0947717659574789,460,0,0,"31-55 Adultos"
"EC-10964","Guayas",48,50,"Broker Digital","Familiar Estándar",17.59,0,4,"No",53241.88,0.0330379017420121,518,0,0,"31-55 Adultos"
"EC-10965","Manabí",55,29,"Broker Digital","Corporativo Empresarial",23.49,1,2,"Si",11778.96,0.199423378634447,115,0,0,"31-55 Adultos"
"EC-10966","Pichincha",47,38,"Broker Digital","Familiar Estándar",93.66,0,2,"Si",59669.67,0.156964166217108,320,0,0,"31-55 Adultos"
"EC-10967","Pichincha",29,21,"Asesor Directo","Familiar Estándar",79.25,0,3,"Si",59669.67,0.132814543804248,362,0,0,"18-30 Jóvenes"
"EC-10968","Tungurahua",53,13,"Asesor Directo","Familiar Estándar",158.53,0,4,"Si",6921.02,2.29055832810771,13,0,0,"31-55 Adultos"
"EC-10969","Pichincha",29,37,"Banca Seguros","Familiar Estándar",81.11,0,1,"Si",59669.67,0.135931705337067,357,0,0,"18-30 Jóvenes"
"EC-10970","Tungurahua",29,18,"Banca Seguros","Individual Premium",22.62,0,4,"No",6921.02,0.326830438287998,66,0,0,"18-30 Jóvenes"
"EC-10971","Azuay",43,45,"Banca Seguros","Individual Premium",155.29,0,4,"No",16510.84,0.940533613068747,29,0,0,"31-55 Adultos"
"EC-10972","Azuay",28,52,"Broker Digital","Familiar Estándar",82.85,0,5,"No",16510.84,0.501791550278484,102,0,0,"18-30 Jóvenes"
"EC-10973","Manabí",33,11,"Banca Seguros","Corporativo Empresarial",18.41,0,4,"No",11778.96,0.156295632212012,118,0,0,"31-55 Adultos"
"EC-10974","Azuay",23,48,"Banca Seguros","Corporativo Empresarial",66.48,1,2,"Si",16510.84,0.402644565630822,118,0,0,"18-30 Jóvenes"
"EC-10975","Pichincha",28,24,"Banca Seguros","Familiar Estándar",175.87,0,4,"No",59669.67,0.294739354181111,18,0,0,"18-30 Jóvenes"
"EC-10976","Pichincha",64,17,"Broker Digital","Individual Premium",61.81,2,3,"No",59669.67,0.103586964700827,437,0,0,"56+ Adultos Mayores"
"EC-10977","Azuay",66,55,"Broker Digital","Individual Premium",72.91,1,1,"Si",16510.84,0.441588677499146,111,0,0,"56+ Adultos Mayores"
"EC-10978","Pichincha",42,28,"Banca Seguros","Individual Premium",116.85,0,2,"Si",59669.67,0.195828131779512,239,0,0,"31-55 Adultos"
"EC-10979","Pichincha",51,31,"Banca Seguros","Corporativo Empresarial",155.46,0,4,"No",59669.67,0.260534371984963,86,0,0,"31-55 Adultos"
"EC-10980","Tungurahua",36,51,"Banca Seguros","Corporativo Empresarial",173.47,0,3,"No",6921.02,2.50642246374089,5,0,0,"31-55 Adultos"
"EC-10981","Guayas",26,1,"Banca Seguros","Corporativo Empresarial",110.99,0,3,"Si",53241.88,0.208463713152128,219,0,0,"18-30 Jóvenes"
"EC-10982","Guayas",34,52,"Banca Seguros","Individual Premium",160.48,1,3,"Si",53241.88,0.301416854551342,75,0,0,"31-55 Adultos"
"EC-10983","Pichincha",58,57,"Banca Seguros","Corporativo Empresarial",144.92,0,4,"No",59669.67,0.242870456632323,120,0,0,"56+ Adultos Mayores"
"EC-10984","Pichincha",68,10,"Asesor Directo","Corporativo Empresarial",77.27,2,3,"Si",59669.67,0.129496275075763,370,0,0,"56+ Adultos Mayores"
"EC-10985","Pichincha",22,28,"Banca Seguros","Individual Premium",118.98,0,3,"Si",59669.67,0.199397784502579,227,0,0,"18-30 Jóvenes"
"EC-10986","Manabí",44,17,"Asesor Directo","Individual Premium",157.94,2,3,"Si",11778.96,1.34086540747231,12,0,0,"31-55 Adultos"
"EC-10987","Guayas",36,59,"Banca Seguros","Individual Premium",66.53,1,4,"Si",53241.88,0.124958021767826,362,0,0,"31-55 Adultos"
"EC-10988","Pichincha",40,1,"Asesor Directo","Corporativo Empresarial",179.28,0,3,"Si",59669.67,0.300454150324612,2,0,0,"31-55 Adultos"
"EC-10989","Pichincha",59,26,"Broker Digital","Familiar Estándar",61.3,0,4,"No",59669.67,0.102732259119248,438,0,0,"56+ Adultos Mayores"
"EC-10990","Pichincha",33,3,"Asesor Directo","Familiar Estándar",141.34,0,3,"Si",59669.67,0.236870758628295,133,0,0,"31-55 Adultos"
"EC-10991","Guayas",42,24,"Banca Seguros","Familiar Estándar",30.24,0,4,"No",53241.88,0.056797393330213,475,0,0,"31-55 Adultos"
"EC-10992","Guayas",57,15,"Broker Digital","Familiar Estándar",50.57,1,5,"No",53241.88,0.0949816197324362,416,0,0,"56+ Adultos Mayores"
"EC-10993","Pichincha",55,54,"Banca Seguros","Corporativo Empresarial",124.23,0,3,"Si",59669.67,0.208196224312955,199,0,0,"31-55 Adultos"
"EC-10994","Pichincha",36,27,"Banca Seguros","Familiar Estándar",140.28,1,3,"No",59669.67,0.235094311733247,138,0,0,"31-55 Adultos"
"EC-10995","Pichincha",18,46,"Banca Seguros","Individual Premium",29.7,0,2,"No",59669.67,0.0497740309272701,541,0,0,"18-30 Jóvenes"
"EC-10996","Pichincha",64,46,"Broker Digital","Individual Premium",101.08,0,4,"No",59669.67,0.16939929448244,288,0,0,"56+ Adultos Mayores"
"EC-10997","Guayas",70,31,"Broker Digital","Corporativo Empresarial",89.54,0,5,"No",53241.88,0.168175879589526,296,0,0,"56+ Adultos Mayores"
"EC-10998","Pichincha",57,16,"Banca Seguros","Individual Premium",75.29,0,4,"No",59669.67,0.126178006347278,380,0,0,"56+ Adultos Mayores"
"EC-10999","Pichincha",53,20,"Banca Seguros","Corporativo Empresarial",59.24,0,3,"No",59669.67,0.0992799189269859,451,0,0,"31-55 Adultos"
"EC-11000","Manabí",57,51,"Banca Seguros","Corporativo Empresarial",122.18,1,4,"No",11778.96,1.03727323974273,43,0,0,"56+ Adultos Mayores"
"EC-11001","Guayas",39,54,"Asesor Directo","Individual Premium",105.72,0,5,"No",53241.88,0.198565490174276,240,0,0,"31-55 Adultos"
"EC-11002","Guayas",60,35,"Banca Seguros","Individual Premium",15.75,1,4,"Si",53241.88,0.0295819756928193,525,0,0,"56+ Adultos Mayores"
"EC-11003","Guayas",62,14,"Asesor Directo","Individual Premium",158.74,3,3,"Si",53241.88,0.29814875057004,78,0,0,"56+ Adultos Mayores"
"EC-11004","Pichincha",30,38,"Asesor Directo","Individual Premium",167.59,0,2,"Si",59669.67,0.280862957680175,40,0,0,"18-30 Jóvenes"
"EC-11005","Tungurahua",42,18,"Banca Seguros","Familiar Estándar",22.43,1,1,"Si",6921.02,0.324085178196277,67,0,0,"31-55 Adultos"
"EC-11006","Manabí",55,59,"Banca Seguros","Individual Premium",133.45,4,4,"Si",11778.96,1.13295231497518,34,0,0,"31-55 Adultos"
"EC-11007","Guayas",18,57,"Banca Seguros","Individual Premium",114.32,0,2,"Si",53241.88,0.214718188012895,210,0,0,"18-30 Jóvenes"
"EC-11008","Guayas",61,52,"Banca Seguros","Individual Premium",119.13,0,4,"No",53241.88,0.223752429478448,191,0,0,"56+ Adultos Mayores"
"EC-11009","Pichincha",24,27,"Broker Digital","Familiar Estándar",69.2,0,5,"No",59669.67,0.115971816167242,404,0,0,"18-30 Jóvenes"
"EC-11010","Guayas",57,60,"Banca Seguros","Familiar Estándar",156.49,2,2,"Si",53241.88,0.293922754042494,84,1,156.49,"56+ Adultos Mayores"
"EC-11011","Azuay",24,27,"Banca Seguros","Familiar Estándar",124.43,0,5,"No",16510.84,0.753626102608953,63,0,0,"18-30 Jóvenes"
"EC-11012","Guayas",44,49,"Banca Seguros","Individual Premium",51.13,0,3,"No",53241.88,0.0960334233126253,414,0,0,"31-55 Adultos"
"EC-11013","Guayas",41,30,"Asesor Directo","Individual Premium",37.91,0,4,"Si",53241.88,0.0712033459374462,448,0,0,"31-55 Adultos"
"EC-11014","Pichincha",29,2,"Broker Digital","Individual Premium",51.04,1,5,"No",59669.67,0.0855375938898271,475,0,0,"18-30 Jóvenes"
"EC-11015","Guayas",31,51,"Banca Seguros","Familiar Estándar",28.2,1,4,"No",53241.88,0.0529658231452383,484,0,0,"31-55 Adultos"
"EC-11016","Guayas",66,34,"Asesor Directo","Individual Premium",57.97,1,4,"No",53241.88,0.108880452756364,392,0,0,"56+ Adultos Mayores"
"EC-11017","Azuay",57,18,"Asesor Directo","Individual Premium",116.59,0,5,"No",16510.84,0.706142146613982,69,0,0,"56+ Adultos Mayores"
"EC-11018","Azuay",35,6,"Broker Digital","Individual Premium",87.49,3,1,"Si",16510.84,0.529894299744895,97,1,87.49,"31-55 Adultos"
"EC-11019","Pichincha",70,50,"Broker Digital","Individual Premium",113.75,0,2,"No",59669.67,0.190632862558147,249,0,0,"56+ Adultos Mayores"
"EC-11020","Guayas",42,31,"Asesor Directo","Individual Premium",55.46,0,5,"No",53241.88,0.104166118852302,399,0,0,"31-55 Adultos"
"EC-11021","Pichincha",52,37,"Broker Digital","Individual Premium",131.97,0,5,"No",59669.67,0.221167638433395,175,0,0,"31-55 Adultos"
"EC-11022","Manabí",60,38,"Banca Seguros","Familiar Estándar",145.27,1,4,"Si",11778.96,1.2333007328321,21,0,0,"56+ Adultos Mayores"
"EC-11023","Guayas",32,6,"Banca Seguros","Individual Premium",37.36,0,2,"No",53241.88,0.0701703245640462,450,0,0,"31-55 Adultos"
"EC-11024","Pichincha",60,58,"Asesor Directo","Corporativo Empresarial",115.47,1,4,"No",59669.67,0.193515399029356,244,0,0,"56+ Adultos Mayores"
"EC-11025","Guayas",44,15,"Asesor Directo","Familiar Estándar",19.84,0,4,"No",53241.88,0.0372638982695577,509,0,0,"31-55 Adultos"
"EC-11026","Pichincha",38,8,"Asesor Directo","Familiar Estándar",93.78,0,2,"No",59669.67,0.157165273412774,319,0,0,"31-55 Adultos"
"EC-11027","Guayas",56,53,"Banca Seguros","Familiar Estándar",169.32,0,5,"No",53241.88,0.318020325352899,42,0,0,"56+ Adultos Mayores"
"EC-11028","Manabí",29,12,"Banca Seguros","Familiar Estándar",79.51,3,3,"No",11778.96,0.675017149222003,76,0,0,"18-30 Jóvenes"
"EC-11029","Guayas",44,59,"Banca Seguros","Corporativo Empresarial",82.01,0,1,"Si",53241.88,0.15403287787734,320,0,0,"31-55 Adultos"
"EC-11030","Pichincha",33,13,"Banca Seguros","Individual Premium",62.9,0,4,"Si",59669.67,0.105413688394791,434,0,0,"31-55 Adultos"
"EC-11031","Guayas",65,5,"Banca Seguros","Individual Premium",96,0,2,"No",53241.88,0.180309185175279,274,0,0,"56+ Adultos Mayores"
"EC-11032","Pichincha",28,41,"Banca Seguros","Familiar Estándar",71.3,0,4,"No",59669.67,0.119491192091392,400,0,0,"18-30 Jóvenes"
"EC-11033","Pichincha",42,41,"Asesor Directo","Individual Premium",95.95,0,4,"Si",59669.67,0.160801961867729,307,0,0,"31-55 Adultos"
"EC-11034","Guayas",56,51,"Banca Seguros","Individual Premium",149.65,1,2,"Si",53241.88,0.281075724598756,108,0,0,"56+ Adultos Mayores"
"EC-11035","Azuay",69,29,"Asesor Directo","Familiar Estándar",67.82,1,5,"Si",16510.84,0.410760445864656,116,0,0,"56+ Adultos Mayores"
"EC-11036","Pichincha",48,52,"Banca Seguros","Corporativo Empresarial",88.55,1,4,"No",59669.67,0.148400351468342,333,0,0,"31-55 Adultos"
"EC-11037","Guayas",29,2,"Broker Digital","Familiar Estándar",26.12,0,1,"Si",53241.88,0.0490591241331073,489,0,0,"18-30 Jóvenes"
"EC-11038","Pichincha",24,27,"Banca Seguros","Individual Premium",95.7,0,4,"Si",59669.67,0.160382988543426,308,0,0,"18-30 Jóvenes"
"EC-11039","Guayas",41,8,"Banca Seguros","Familiar Estándar",105.1,0,2,"No",53241.88,0.197400993353353,243,0,0,"31-55 Adultos"
"EC-11040","Pichincha",44,50,"Banca Seguros","Familiar Estándar",61.01,0,2,"No",59669.67,0.102246250063055,439,0,0,"31-55 Adultos"
"EC-11041","Pichincha",37,26,"Broker Digital","Individual Premium",50.96,1,1,"Si",59669.67,0.08540352242605,476,0,0,"31-55 Adultos"
"EC-11042","Azuay",54,59,"Banca Seguros","Individual Premium",24.15,0,4,"No",16510.84,0.146267543020222,156,0,0,"31-55 Adultos"
"EC-11043","Pichincha",35,32,"Banca Seguros","Corporativo Empresarial",64.73,0,5,"No",59669.67,0.108480573128693,424,0,0,"31-55 Adultos"
"EC-11044","Pichincha",53,10,"Asesor Directo","Familiar Estándar",62.75,0,4,"No",59669.67,0.105162304400209,435,0,0,"31-55 Adultos"
"EC-11045","Guayas",57,23,"Broker Digital","Corporativo Empresarial",168.39,0,4,"No",53241.88,0.316273580121513,46,0,0,"56+ Adultos Mayores"
"EC-11046","Guayas",57,28,"Asesor Directo","Individual Premium",150.28,0,4,"No",53241.88,0.282259003626468,107,0,0,"56+ Adultos Mayores"
"EC-11047","Pichincha",60,23,"Asesor Directo","Individual Premium",101.95,0,3,"No",59669.67,0.170857321651016,286,0,0,"56+ Adultos Mayores"
"EC-11048","Pichincha",70,55,"Banca Seguros","Individual Premium",96.41,1,1,"No",59669.67,0.161572872784448,306,0,0,"56+ Adultos Mayores"
"EC-11049","Azuay",69,57,"Asesor Directo","Familiar Estándar",30.05,3,2,"Si",16510.84,0.182001642557253,150,1,30.05,"56+ Adultos Mayores"
"EC-11050","Guayas",57,19,"Banca Seguros","Corporativo Empresarial",54.67,1,1,"Si",53241.88,0.102682324515964,403,0,0,"56+ Adultos Mayores"
"EC-11051","Azuay",41,6,"Asesor Directo","Corporativo Empresarial",48.37,0,4,"No",16510.84,0.292959049933256,131,0,0,"31-55 Adultos"
"EC-11052","Pichincha",27,35,"Banca Seguros","Corporativo Empresarial",126.59,0,1,"Si",59669.67,0.212151332494381,193,0,0,"18-30 Jóvenes"
"EC-11053","Pichincha",46,49,"Broker Digital","Familiar Estándar",74.16,1,4,"No",59669.67,0.124284246921426,389,0,0,"31-55 Adultos"
"EC-11054","Guayas",40,51,"Asesor Directo","Individual Premium",24.39,0,4,"No",53241.88,0.0458098023585944,497,0,0,"31-55 Adultos"
"EC-11055","Pichincha",50,54,"Banca Seguros","Familiar Estándar",174.82,0,3,"No",59669.67,0.292979666219036,24,0,0,"31-55 Adultos"
"EC-11056","Pichincha",66,38,"Asesor Directo","Familiar Estándar",39.51,0,4,"No",59669.67,0.0662145441729441,513,0,0,"56+ Adultos Mayores"
"EC-11057","Pichincha",40,22,"Asesor Directo","Familiar Estándar",118.48,1,4,"No",59669.67,0.198559837853972,230,0,0,"31-55 Adultos"
"EC-11058","Tungurahua",53,20,"Asesor Directo","Corporativo Empresarial",98.23,0,4,"Si",6921.02,1.41929946741954,35,0,0,"31-55 Adultos"
"EC-11059","Tungurahua",55,32,"Banca Seguros","Familiar Estándar",103.55,1,4,"No",6921.02,1.49616674998772,30,0,0,"31-55 Adultos"
"EC-11060","Guayas",36,28,"Asesor Directo","Individual Premium",42.15,1,3,"Si",53241.88,0.0791670016160211,437,0,0,"31-55 Adultos"
"EC-11061","Guayas",33,4,"Banca Seguros","Familiar Estándar",100.58,0,3,"No",53241.88,0.188911435884683,254,0,0,"31-55 Adultos"
"EC-11062","Pichincha",56,31,"Banca Seguros","Familiar Estándar",134.61,1,3,"Si",59669.67,0.225591996738041,163,0,0,"56+ Adultos Mayores"
"EC-11063","Guayas",52,52,"Asesor Directo","Corporativo Empresarial",91.52,0,2,"No",53241.88,0.171894756533766,290,0,0,"31-55 Adultos"
"EC-11064","Manabí",30,31,"Banca Seguros","Familiar Estándar",28.58,0,1,"No",11778.96,0.242636022195508,110,0,0,"18-30 Jóvenes"
"EC-11065","Pichincha",28,31,"Asesor Directo","Individual Premium",54.36,1,3,"Si",59669.67,0.0911015596365792,465,0,0,"18-30 Jóvenes"
"EC-11066","Guayas",50,10,"Broker Digital","Corporativo Empresarial",166.01,0,3,"No",53241.88,0.31180341490571,55,0,0,"31-55 Adultos"
"EC-11067","Pichincha",33,34,"Banca Seguros","Individual Premium",76.67,0,2,"Si",59669.67,0.128490739097434,374,0,0,"31-55 Adultos"
"EC-11068","Guayas",41,14,"Asesor Directo","Familiar Estándar",138.13,0,2,"No",53241.88,0.259438622377722,143,0,0,"31-55 Adultos"
"EC-11069","Pichincha",20,31,"Banca Seguros","Corporativo Empresarial",142.32,0,3,"Si",59669.67,0.238513134059565,128,0,0,"18-30 Jóvenes"
"EC-11070","Manabí",39,28,"Asesor Directo","Familiar Estándar",26.99,3,4,"Si",11778.96,0.22913737715384,113,0,0,"31-55 Adultos"
"EC-11071","Azuay",54,42,"Asesor Directo","Corporativo Empresarial",56.09,1,3,"Si",16510.84,0.339716210683406,126,0,0,"31-55 Adultos"
"EC-11072","Guayas",33,33,"Broker Digital","Individual Premium",170.39,0,2,"Si",53241.88,0.320030021479332,33,0,0,"31-55 Adultos"
"EC-11073","Manabí",63,50,"Broker Digital","Individual Premium",20.14,0,5,"No",11778.96,0.170982837194455,117,0,0,"56+ Adultos Mayores"
"EC-11074","Tungurahua",40,5,"Asesor Directo","Familiar Estándar",102.7,1,3,"Si",6921.02,1.4838853232616,32,0,0,"31-55 Adultos"
"EC-11075","Guayas",44,54,"Banca Seguros","Familiar Estándar",169.65,3,1,"Si",53241.88,0.318640138176939,38,1,169.65,"31-55 Adultos"
"EC-11076","Pichincha",33,57,"Broker Digital","Corporativo Empresarial",166.84,2,4,"Si",59669.67,0.279606037707264,46,0,0,"31-55 Adultos"
"EC-11077","Guayas",41,15,"Asesor Directo","Corporativo Empresarial",97.78,2,4,"Si",53241.88,0.183652417983738,264,0,0,"31-55 Adultos"
"EC-11078","Guayas",61,38,"Asesor Directo","Individual Premium",123.93,0,4,"No",53241.88,0.232767888737212,177,0,0,"56+ Adultos Mayores"
"EC-11079","Guayas",19,43,"Banca Seguros","Corporativo Empresarial",145.88,0,4,"Si",53241.88,0.273994832639268,125,0,0,"18-30 Jóvenes"
"EC-11080","Guayas",34,14,"Asesor Directo","Individual Premium",97.45,0,4,"No",53241.88,0.183032605159698,266,0,0,"31-55 Adultos"
"EC-11081","Manabí",33,12,"Broker Digital","Familiar Estándar",73.02,0,5,"No",11778.96,0.619918906253184,81,0,0,"31-55 Adultos"
"EC-11082","Azuay",22,16,"Asesor Directo","Familiar Estándar",36.9,0,3,"No",16510.84,0.223489537782451,143,0,0,"18-30 Jóvenes"
"EC-11083","Pichincha",26,58,"Broker Digital","Familiar Estándar",160.15,1,4,"Si",59669.67,0.268394311548899,74,0,0,"18-30 Jóvenes"
"EC-11084","Azuay",59,11,"Asesor Directo","Individual Premium",15.52,0,4,"Si",16510.84,0.0939988516635132,164,0,0,"56+ Adultos Mayores"
"EC-11085","Azuay",48,57,"Banca Seguros","Familiar Estándar",127.47,1,3,"Si",16510.84,0.772038248811084,59,0,0,"31-55 Adultos"
"EC-11086","Guayas",42,42,"Banca Seguros","Familiar Estándar",139.38,0,4,"No",53241.88,0.261786398226359,138,0,0,"31-55 Adultos"
"EC-11087","Guayas",61,42,"Broker Digital","Corporativo Empresarial",162.82,0,3,"No",53241.88,0.305811890939989,69,0,0,"56+ Adultos Mayores"
"EC-11088","Pichincha",19,9,"Banca Seguros","Corporativo Empresarial",128.62,1,4,"No",59669.67,0.215553395887727,183,0,0,"18-30 Jóvenes"
"EC-11089","Azuay",42,50,"Banca Seguros","Corporativo Empresarial",156.9,2,5,"No",16510.84,0.950284782603429,26,0,0,"31-55 Adultos"
"EC-11090","Pichincha",26,2,"Banca Seguros","Corporativo Empresarial",64.22,0,4,"Si",59669.67,0.107625867547114,426,0,0,"18-30 Jóvenes"
"EC-11091","Azuay",41,35,"Banca Seguros","Individual Premium",135.74,0,4,"Si",16510.84,0.82212655443333,51,0,0,"31-55 Adultos"
"EC-11092","Guayas",70,25,"Banca Seguros","Individual Premium",33.8,0,4,"No",53241.88,0.0634838589471296,461,0,0,"56+ Adultos Mayores"
"EC-11093","Guayas",53,25,"Banca Seguros","Familiar Estándar",16.24,0,5,"No",53241.88,0.0305023038254848,523,0,0,"31-55 Adultos"
"EC-11094","Pichincha",59,45,"Banca Seguros","Individual Premium",78.22,0,3,"Si",59669.67,0.131088373708117,365,0,0,"56+ Adultos Mayores"
"EC-11095","Pichincha",60,54,"Banca Seguros","Familiar Estándar",58.81,0,1,"Si",59669.67,0.0985592848091836,453,0,0,"56+ Adultos Mayores"
"EC-11096","Guayas",69,49,"Asesor Directo","Corporativo Empresarial",77.14,0,4,"No",53241.88,0.144885943171053,333,0,0,"56+ Adultos Mayores"
"EC-11097","Pichincha",22,30,"Banca Seguros","Individual Premium",23.53,0,3,"Si",59669.67,0.0394337692834567,561,0,0,"18-30 Jóvenes"
"EC-11098","Pichincha",27,36,"Banca Seguros","Familiar Estándar",62.12,2,3,"Si",59669.67,0.104106491622964,436,0,0,"18-30 Jóvenes"
"EC-11099","Manabí",62,34,"Asesor Directo","Individual Premium",35.18,0,4,"No",11778.96,0.298668133689222,104,0,0,"56+ Adultos Mayores"
"EC-11100","Azuay",49,1,"Banca Seguros","Corporativo Empresarial",174.72,1,3,"Si",16510.84,1.05821387645934,7,0,0,"31-55 Adultos"
"EC-11101","Pichincha",18,48,"Broker Digital","Familiar Estándar",68.26,1,5,"No",59669.67,0.11439647646786,407,0,0,"18-30 Jóvenes"
"EC-11102","Guayas",26,49,"Banca Seguros","Familiar Estándar",16.42,4,3,"Si",53241.88,0.0308403835476884,521,0,0,"18-30 Jóvenes"
"EC-11103","Guayas",44,8,"Banca Seguros","Individual Premium",91.85,0,5,"No",53241.88,0.172514569357806,289,0,0,"31-55 Adultos"
"EC-11104","Guayas",30,23,"Broker Digital","Corporativo Empresarial",28.71,0,5,"No",53241.88,0.053923715691482,481,0,0,"18-30 Jóvenes"
"EC-11105","Pichincha",52,39,"Asesor Directo","Individual Premium",82.55,0,3,"No",59669.67,0.138344991685055,353,0,0,"31-55 Adultos"
"EC-11106","Guayas",36,15,"Banca Seguros","Familiar Estándar",66.07,0,2,"No",53241.88,0.124094040255528,367,0,0,"31-55 Adultos"
"EC-11107","Guayas",26,56,"Broker Digital","Individual Premium",168.76,0,3,"No",53241.88,0.31696852177271,43,0,0,"18-30 Jóvenes"
"EC-11108","Pichincha",52,51,"Banca Seguros","Individual Premium",138.23,0,1,"Si",59669.67,0.231658730473958,145,0,0,"31-55 Adultos"
"EC-11109","Guayas",59,52,"Broker Digital","Individual Premium",106.51,0,2,"Si",53241.88,0.200049284510615,238,0,0,"56+ Adultos Mayores"
"EC-11110","Manabí",32,12,"Asesor Directo","Individual Premium",111.16,1,3,"Si",11778.96,0.94371659297595,52,0,0,"31-55 Adultos"
"EC-11111","Guayas",44,39,"Banca Seguros","Familiar Estándar",169.89,0,4,"Si",53241.88,0.319090911139877,37,0,0,"31-55 Adultos"
"EC-11112","Pichincha",54,23,"Banca Seguros","Corporativo Empresarial",128.27,0,3,"No",59669.67,0.214966833233701,187,0,0,"31-55 Adultos"
"EC-11113","Tungurahua",46,24,"Asesor Directo","Familiar Estándar",122.52,1,4,"Si",6921.02,1.77025929704003,27,0,0,"31-55 Adultos"
"EC-11114","Pichincha",26,30,"Banca Seguros","Corporativo Empresarial",66.52,0,3,"No",59669.67,0.111480422130707,415,0,0,"18-30 Jóvenes"
"EC-11115","Guayas",56,42,"Banca Seguros","Corporativo Empresarial",83.41,0,3,"No",53241.88,0.156662386827813,318,0,0,"56+ Adultos Mayores"
"EC-11116","Pichincha",50,33,"Banca Seguros","Corporativo Empresarial",173.84,1,1,"Si",59669.67,0.291337290787765,27,0,0,"31-55 Adultos"
"EC-11117","Guayas",31,26,"Banca Seguros","Individual Premium",116.75,0,3,"No",53241.88,0.219282264262644,200,0,0,"31-55 Adultos"
"EC-11118","Tungurahua",25,50,"Banca Seguros","Individual Premium",58.9,0,5,"No",6921.02,0.851030628433381,48,0,0,"18-30 Jóvenes"
"EC-11119","Pichincha",23,53,"Banca Seguros","Individual Premium",19.36,2,4,"Si",59669.67,0.0324452942340724,579,0,0,"18-30 Jóvenes"
"EC-11120","Guayas",65,21,"Banca Seguros","Individual Premium",67.43,0,2,"Si",53241.88,0.126648420378845,360,0,0,"56+ Adultos Mayores"
"EC-11121","Pichincha",66,60,"Banca Seguros","Corporativo Empresarial",165.87,0,4,"No",59669.67,0.277980421208966,51,0,0,"56+ Adultos Mayores"
"EC-11122","Azuay",70,48,"Banca Seguros","Familiar Estándar",129.46,0,4,"No",16510.84,0.784090936621032,56,0,0,"56+ Adultos Mayores"
"EC-11123","Guayas",54,42,"Broker Digital","Individual Premium",95.8,0,4,"No",53241.88,0.179933541039497,276,0,0,"31-55 Adultos"
"EC-11124","Pichincha",30,23,"Banca Seguros","Familiar Estándar",64.36,2,1,"Si",59669.67,0.107860492608724,425,1,64.36,"18-30 Jóvenes"
"EC-11125","Guayas",18,57,"Asesor Directo","Individual Premium",157.28,2,3,"Si",53241.88,0.295406548378833,81,0,0,"18-30 Jóvenes"
"EC-11126","Pichincha",32,9,"Asesor Directo","Familiar Estándar",132.55,1,4,"Si",59669.67,0.222139656545779,173,0,0,"31-55 Adultos"
"EC-11127","Guayas",60,18,"Banca Seguros","Corporativo Empresarial",129.9,0,4,"No",53241.88,0.2439808661903,165,0,0,"56+ Adultos Mayores"
"EC-11128","Guayas",31,34,"Asesor Directo","Familiar Estándar",19.29,1,3,"No",53241.88,0.0362308768961577,512,0,0,"31-55 Adultos"
"EC-11129","Guayas",59,5,"Asesor Directo","Familiar Estándar",103.47,1,4,"No",53241.88,0.194339493646731,246,0,0,"56+ Adultos Mayores"
"EC-11130","Guayas",48,32,"Asesor Directo","Familiar Estándar",152.19,2,1,"Si",53241.88,0.285846405123185,95,1,152.19,"31-55 Adultos"
"EC-11131","Guayas",40,1,"Banca Seguros","Individual Premium",93.7,1,3,"Si",53241.88,0.175989277613788,281,0,0,"31-55 Adultos"
"EC-11132","Pichincha",64,26,"Broker Digital","Corporativo Empresarial",47.3,0,5,"No",59669.67,0.079269752958245,489,0,0,"56+ Adultos Mayores"
"EC-11133","Pichincha",52,34,"Banca Seguros","Familiar Estándar",157.43,0,4,"No",59669.67,0.263835881780476,80,0,0,"31-55 Adultos"
"EC-11134","Azuay",62,6,"Banca Seguros","Familiar Estándar",177.2,0,3,"Si",16510.84,1.07323431151898,5,0,0,"56+ Adultos Mayores"
"EC-11135","Pichincha",54,32,"Banca Seguros","Familiar Estándar",96.96,1,3,"Si",59669.67,0.162494614097916,303,0,0,"31-55 Adultos"
"EC-11136","Guayas",52,42,"Banca Seguros","Familiar Estándar",138.09,0,4,"No",53241.88,0.259363493550566,144,0,0,"31-55 Adultos"
"EC-11137","Pichincha",61,40,"Broker Digital","Familiar Estándar",71.9,0,4,"No",59669.67,0.120496728069721,396,0,0,"56+ Adultos Mayores"
"EC-11138","Guayas",25,19,"Banca Seguros","Individual Premium",166.66,3,4,"Si",53241.88,0.313024258347001,53,0,0,"18-30 Jóvenes"
"EC-11139","Guayas",65,55,"Banca Seguros","Familiar Estándar",158.95,0,4,"No",53241.88,0.298543176912611,77,0,0,"56+ Adultos Mayores"
"EC-11140","Tungurahua",67,53,"Broker Digital","Familiar Estándar",177.15,1,4,"No",6921.02,2.55959381709632,2,0,0,"56+ Adultos Mayores"
"EC-11141","Guayas",23,16,"Banca Seguros","Familiar Estándar",95.96,0,4,"Si",53241.88,0.180234056348123,275,0,0,"18-30 Jóvenes"
"EC-11142","Pichincha",42,11,"Banca Seguros","Individual Premium",33.82,0,4,"Si",59669.67,0.0566787113117937,526,0,0,"31-55 Adultos"
"EC-11143","Guayas",22,1,"Asesor Directo","Corporativo Empresarial",96.27,0,3,"No",53241.88,0.180816304758585,273,0,0,"18-30 Jóvenes"
"EC-11144","Azuay",47,33,"Banca Seguros","Individual Premium",157.83,0,2,"No",16510.84,0.955917445750792,23,0,0,"31-55 Adultos"
"EC-11145","Azuay",70,11,"Banca Seguros","Corporativo Empresarial",99.51,2,3,"Si",16510.84,0.602694956767796,89,0,0,"56+ Adultos Mayores"
"EC-11146","Azuay",42,54,"Banca Seguros","Familiar Estándar",179.83,0,2,"No",16510.84,1.08916324063464,1,0,0,"31-55 Adultos"
"EC-11147","Azuay",26,24,"Banca Seguros","Familiar Estándar",145.27,0,3,"No",16510.84,0.879846210126196,38,0,0,"18-30 Jóvenes"
"EC-11148","Tungurahua",22,49,"Banca Seguros","Familiar Estándar",31.93,0,4,"No",6921.02,0.461348182782307,61,0,0,"18-30 Jóvenes"
"EC-11149","Pichincha",23,31,"Asesor Directo","Individual Premium",114.17,1,5,"No",59669.67,0.191336737742977,248,0,0,"18-30 Jóvenes"
"EC-11150","Guayas",67,51,"Banca Seguros","Corporativo Empresarial",103.21,1,4,"Si",53241.88,0.193851156270214,248,0,0,"56+ Adultos Mayores"
"EC-11151","Pichincha",19,26,"Banca Seguros","Familiar Estándar",121.71,0,4,"No",59669.67,0.203972973203974,214,0,0,"18-30 Jóvenes"
"EC-11152","Guayas",36,20,"Banca Seguros","Familiar Estándar",87.3,0,4,"Si",53241.88,0.16396866526877,304,0,0,"31-55 Adultos"
"EC-11153","Pichincha",26,34,"Asesor Directo","Familiar Estándar",140.17,0,2,"Si",59669.67,0.234909963470554,139,0,0,"18-30 Jóvenes"
"EC-11154","Guayas",45,18,"Banca Seguros","Individual Premium",73.24,3,4,"Si",53241.88,0.137560882523307,346,0,0,"31-55 Adultos"
"EC-11155","Guayas",68,23,"Banca Seguros","Corporativo Empresarial",136.44,0,3,"Si",53241.88,0.256264429430366,147,0,0,"56+ Adultos Mayores"
"EC-11156","Azuay",42,29,"Asesor Directo","Familiar Estándar",85.74,0,3,"Si",16510.84,0.519295202424589,99,0,0,"31-55 Adultos"
"EC-11157","Pichincha",19,33,"Asesor Directo","Individual Premium",25.47,0,5,"Si",59669.67,0.0426850022800528,554,0,0,"18-30 Jóvenes"
"EC-11158","Guayas",37,34,"Banca Seguros","Corporativo Empresarial",23.77,2,3,"Si",53241.88,0.0446453055376707,499,0,0,"31-55 Adultos"
"EC-11159","Pichincha",58,28,"Broker Digital","Individual Premium",138.42,0,4,"Si",59669.67,0.231977150200428,144,0,0,"56+ Adultos Mayores"
"EC-11160","Pichincha",37,14,"Banca Seguros","Familiar Estándar",123.81,0,4,"Si",59669.67,0.207492349128125,203,0,0,"31-55 Adultos"
"EC-11161","Azuay",48,58,"Asesor Directo","Familiar Estándar",84.14,1,2,"No",16510.84,0.509604599160309,100,0,0,"31-55 Adultos"
"EC-11162","Azuay",45,42,"Banca Seguros","Corporativo Empresarial",116.4,0,4,"No",16510.84,0.704991387476349,70,0,0,"31-55 Adultos"
"EC-11163","Tungurahua",26,12,"Banca Seguros","Familiar Estándar",26.89,2,3,"Si",6921.02,0.388526546665087,63,0,0,"18-30 Jóvenes"
"EC-11164","Guayas",66,59,"Banca Seguros","Corporativo Empresarial",123.02,0,4,"No",53241.88,0.231058707919405,180,0,0,"56+ Adultos Mayores"
"EC-11165","Guayas",19,37,"Banca Seguros","Familiar Estándar",25.51,0,5,"No",53241.88,0.0479134095189727,492,0,0,"18-30 Jóvenes"
"EC-11166","Azuay",24,54,"Asesor Directo","Familiar Estándar",164.35,0,3,"No",16510.84,0.995406654052731,17,0,0,"18-30 Jóvenes"
"EC-11167","Pichincha",51,24,"Banca Seguros","Individual Premium",38.91,2,2,"No",59669.67,0.0652090081946154,514,1,38.91,"31-55 Adultos"
"EC-11168","Tungurahua",58,26,"Banca Seguros","Corporativo Empresarial",158.36,0,4,"No",6921.02,2.28810204276248,14,0,0,"56+ Adultos Mayores"
"EC-11169","Guayas",39,31,"Banca Seguros","Individual Premium",170.01,2,3,"Si",53241.88,0.319316297621346,36,0,0,"31-55 Adultos"
"EC-11170","Guayas",20,19,"Banca Seguros","Individual Premium",75.76,1,3,"Si",53241.88,0.142293998634158,337,0,0,"18-30 Jóvenes"
"EC-11171","Guayas",33,55,"Banca Seguros","Corporativo Empresarial",145.99,1,5,"No",53241.88,0.274201436913948,124,0,0,"31-55 Adultos"
"EC-11172","Pichincha",40,29,"Banca Seguros","Familiar Estándar",172.26,2,5,"No",59669.67,0.288689379378166,29,0,0,"31-55 Adultos"
"EC-11173","Guayas",51,52,"Banca Seguros","Individual Premium",84.26,0,5,"No",53241.88,0.158258874404886,314,0,0,"31-55 Adultos"
"EC-11174","Guayas",28,2,"Broker Digital","Familiar Estándar",126.02,0,3,"Si",53241.88,0.236693369956132,174,0,0,"18-30 Jóvenes"
"EC-11175","Pichincha",39,4,"Banca Seguros","Individual Premium",144.28,1,5,"Si",59669.67,0.241797884922105,121,0,0,"31-55 Adultos"
"EC-11176","Pichincha",42,44,"Banca Seguros","Corporativo Empresarial",33.16,0,3,"Si",59669.67,0.0555726217356322,527,0,0,"31-55 Adultos"
"EC-11177","Guayas",58,49,"Broker Digital","Familiar Estándar",93.8,0,2,"No",53241.88,0.176177099681679,280,0,0,"56+ Adultos Mayores"
"EC-11178","Pichincha",30,55,"Banca Seguros","Familiar Estándar",100.2,0,3,"No",59669.67,0.167924508380891,292,0,0,"18-30 Jóvenes"
"EC-11179","Guayas",57,52,"Banca Seguros","Familiar Estándar",16.79,0,4,"No",53241.88,0.0315353251988848,520,0,0,"56+ Adultos Mayores"
"EC-11180","Pichincha",47,25,"Banca Seguros","Familiar Estándar",47.9,2,1,"Si",59669.67,0.0802752889365736,487,1,47.9,"31-55 Adultos"
"EC-11181","Guayas",19,6,"Asesor Directo","Individual Premium",121.54,0,3,"No",53241.88,0.228278941314619,185,0,0,"18-30 Jóvenes"
"EC-11182","Guayas",22,32,"Broker Digital","Corporativo Empresarial",151.61,1,3,"Si",53241.88,0.284757037129418,96,0,0,"18-30 Jóvenes"
"EC-11183","Pichincha",49,29,"Asesor Directo","Corporativo Empresarial",111.84,0,4,"No",59669.67,0.187431906360468,254,0,0,"31-55 Adultos"
"EC-11184","Azuay",58,25,"Asesor Directo","Individual Premium",169.97,0,2,"Si",16510.84,1.02944489801851,13,0,0,"56+ Adultos Mayores"
"EC-11185","Pichincha",54,12,"Asesor Directo","Corporativo Empresarial",135.45,0,3,"Si",59669.67,0.226999747107701,157,0,0,"31-55 Adultos"
"EC-11186","Guayas",27,31,"Banca Seguros","Familiar Estándar",179.36,2,3,"Si",53241.88,0.336877660969147,2,0,0,"18-30 Jóvenes"
"EC-11187","Guayas",47,1,"Banca Seguros","Familiar Estándar",55.87,3,5,"Si",53241.88,0.104936189330655,397,0,0,"31-55 Adultos"
"EC-11188","Pichincha",44,3,"Asesor Directo","Individual Premium",54.68,0,4,"Si",59669.67,0.0916378454916878,464,0,0,"31-55 Adultos"
"EC-11189","Guayas",32,37,"Asesor Directo","Familiar Estándar",146.39,0,3,"No",53241.88,0.274952725185512,120,0,0,"31-55 Adultos"
"EC-11190","Guayas",48,34,"Banca Seguros","Familiar Estándar",48.36,0,4,"Si",53241.88,0.090830752032047,422,0,0,"31-55 Adultos"
"EC-11191","Guayas",21,54,"Asesor Directo","Familiar Estándar",79.33,0,4,"No",53241.88,0.148999246457864,326,0,0,"18-30 Jóvenes"
"EC-11192","Pichincha",43,47,"Asesor Directo","Familiar Estándar",168.16,1,4,"Si",59669.67,0.281818216859587,37,0,0,"31-55 Adultos"
"EC-11193","Pichincha",60,38,"Banca Seguros","Corporativo Empresarial",58.44,0,5,"No",59669.67,0.0979392042892143,455,0,0,"56+ Adultos Mayores"
"EC-11194","Guayas",21,48,"Broker Digital","Individual Premium",57.98,0,4,"No",53241.88,0.108899234963153,391,0,0,"18-30 Jóvenes"
"EC-11195","Guayas",67,47,"Broker Digital","Individual Premium",33.55,0,2,"Si",53241.88,0.0630143037774023,463,0,0,"56+ Adultos Mayores"
"EC-11196","Pichincha",48,19,"Asesor Directo","Individual Premium",134.7,0,4,"Si",59669.67,0.225742827134791,162,0,0,"31-55 Adultos"
"EC-11197","Azuay",45,1,"Banca Seguros","Individual Premium",125.64,2,2,"Si",16510.84,0.760954621327564,60,1,125.64,"31-55 Adultos"
"EC-11198","Pichincha",33,45,"Asesor Directo","Individual Premium",38.53,1,3,"Si",59669.67,0.064572168741674,516,0,0,"31-55 Adultos"
"EC-11199","Guayas",42,34,"Banca Seguros","Corporativo Empresarial",34.03,0,3,"No",53241.88,0.0639158497032787,459,0,0,"31-55 Adultos"
"EC-11200","Azuay",64,27,"Banca Seguros","Familiar Estándar",37.62,1,3,"Si",16510.84,0.227850309251377,142,0,0,"56+ Adultos Mayores"
"EC-11201","Pichincha",22,25,"Banca Seguros","Individual Premium",62.94,0,1,"Si",59669.67,0.105480724126679,433,0,0,"18-30 Jóvenes"
"EC-11202","Guayas",22,30,"Asesor Directo","Familiar Estándar",163.4,0,1,"Si",53241.88,0.306901258933757,65,0,0,"18-30 Jóvenes"
"EC-11203","Pichincha",65,34,"Broker Digital","Corporativo Empresarial",175.88,0,3,"Si",59669.67,0.294756113114083,17,0,0,"56+ Adultos Mayores"
"EC-11204","Guayas",65,57,"Banca Seguros","Corporativo Empresarial",116.36,0,3,"Si",53241.88,0.21854975819787,202,0,0,"56+ Adultos Mayores"
"EC-11205","Azuay",27,17,"Broker Digital","Familiar Estándar",30.19,2,5,"Si",16510.84,0.182849570342878,149,0,0,"18-30 Jóvenes"
"EC-11206","Guayas",65,4,"Asesor Directo","Familiar Estándar",56.31,1,2,"Si",53241.88,0.105762606429375,396,0,0,"56+ Adultos Mayores"
"EC-11207","Guayas",20,31,"Banca Seguros","Individual Premium",99.65,0,4,"Si",53241.88,0.187164690653298,256,0,0,"18-30 Jóvenes"
"EC-11208","Pichincha",50,42,"Banca Seguros","Familiar Estándar",22.65,0,1,"Si",59669.67,0.037958983181908,567,0,0,"31-55 Adultos"
"EC-11209","Pichincha",60,11,"Banca Seguros","Individual Premium",143.2,0,2,"No",59669.67,0.239987920161114,126,0,0,"56+ Adultos Mayores"
"EC-11210","Guayas",52,29,"Asesor Directo","Individual Premium",17.89,0,2,"Si",53241.88,0.0336013679456849,517,0,0,"31-55 Adultos"
"EC-11211","Guayas",24,51,"Banca Seguros","Individual Premium",132.19,0,5,"No",53241.88,0.248281991545002,159,0,0,"18-30 Jóvenes"
"EC-11212","Pichincha",69,28,"Banca Seguros","Familiar Estándar",60.81,0,3,"No",59669.67,0.101911071403613,441,0,0,"56+ Adultos Mayores"
"EC-11213","Pichincha",22,10,"Banca Seguros","Corporativo Empresarial",63.82,0,3,"Si",59669.67,0.106955510228228,429,0,0,"18-30 Jóvenes"
"EC-11214","Pichincha",60,49,"Broker Digital","Corporativo Empresarial",23.48,0,4,"No",59669.67,0.039349974618596,562,0,0,"56+ Adultos Mayores"
"EC-11215","Pichincha",60,55,"Broker Digital","Individual Premium",112.63,2,1,"Si",59669.67,0.188755862065267,250,1,112.63,"56+ Adultos Mayores"
"EC-11216","Pichincha",37,44,"Banca Seguros","Familiar Estándar",132.15,3,4,"Si",59669.67,0.221469299226894,174,0,0,"31-55 Adultos"
"EC-11217","Manabí",44,47,"Banca Seguros","Individual Premium",96.82,0,4,"No",11778.96,0.821974096185062,63,0,0,"31-55 Adultos"
"EC-11218","Azuay",60,38,"Asesor Directo","Individual Premium",144.78,0,4,"No",16510.84,0.87687846287651,39,0,0,"56+ Adultos Mayores"
"EC-11219","Pichincha",70,5,"Banca Seguros","Corporativo Empresarial",87.46,0,4,"Si",59669.67,0.146573627774378,336,0,0,"56+ Adultos Mayores"
"EC-11220","Guayas",50,41,"Banca Seguros","Corporativo Empresarial",101.48,1,4,"Si",53241.88,0.190601834495702,251,0,0,"31-55 Adultos"
"EC-11221","Pichincha",60,19,"Banca Seguros","Familiar Estándar",107.15,0,3,"No",59669.67,0.179571966796532,270,0,0,"56+ Adultos Mayores"
"EC-11222","Pichincha",65,14,"Asesor Directo","Familiar Estándar",99.51,0,3,"No",59669.67,0.166768142005813,297,0,0,"56+ Adultos Mayores"
"EC-11223","Pichincha",64,8,"Banca Seguros","Familiar Estándar",24.23,0,4,"Si",59669.67,0.0406068945915069,559,0,0,"56+ Adultos Mayores"
"EC-11224","Tungurahua",46,4,"Banca Seguros","Familiar Estándar",79.95,0,5,"No",6921.02,1.15517654912137,42,0,0,"31-55 Adultos"
"EC-11225","Pichincha",45,60,"Banca Seguros","Familiar Estándar",175.61,0,4,"No",59669.67,0.294303621923835,22,0,0,"31-55 Adultos"
"EC-11226","Guayas",29,8,"Broker Digital","Familiar Estándar",102.4,0,4,"Si",53241.88,0.192329797520298,250,0,0,"18-30 Jóvenes"
"EC-11227","Tungurahua",21,27,"Asesor Directo","Individual Premium",146.52,0,3,"No",6921.02,2.11702899283632,21,0,0,"18-30 Jóvenes"
"EC-11228","Pichincha",19,34,"Banca Seguros","Individual Premium",147.68,3,4,"Si",59669.67,0.247495922132635,112,0,0,"18-30 Jóvenes"
"EC-11229","Guayas",23,4,"Banca Seguros","Familiar Estándar",153.58,1,2,"Si",53241.88,0.288457131866869,90,0,0,"18-30 Jóvenes"
"EC-11230","Pichincha",68,55,"Banca Seguros","Familiar Estándar",20.36,1,5,"No",59669.67,0.0341211875312868,576,0,0,"56+ Adultos Mayores"
"EC-11231","Manabí",44,42,"Broker Digital","Familiar Estándar",135.71,0,4,"Si",11778.96,1.15213906830484,32,0,0,"31-55 Adultos"
"EC-11232","Guayas",42,20,"Broker Digital","Familiar Estándar",61.27,1,5,"Si",53241.88,0.115078580996764,383,0,0,"31-55 Adultos"
"EC-11233","Guayas",31,36,"Broker Digital","Familiar Estándar",168.69,0,5,"No",53241.88,0.316837046325186,44,0,0,"31-55 Adultos"
"EC-11234","Pichincha",44,58,"Asesor Directo","Familiar Estándar",22.64,0,3,"Si",59669.67,0.0379422242489359,568,0,0,"31-55 Adultos"
"EC-11235","Pichincha",34,29,"Asesor Directo","Individual Premium",74.36,2,2,"No",59669.67,0.124619425580869,384,1,74.36,"31-55 Adultos"
"EC-11236","Guayas",53,1,"Broker Digital","Familiar Estándar",143.24,2,3,"Si",53241.88,0.269036330046948,130,0,0,"31-55 Adultos"
"EC-11237","Azuay",22,50,"Asesor Directo","Individual Premium",76.98,0,1,"No",16510.84,0.466239149552658,110,0,0,"18-30 Jóvenes"
"EC-11238","Guayas",57,23,"Asesor Directo","Familiar Estándar",75.28,0,4,"Si",53241.88,0.141392452708282,340,0,0,"56+ Adultos Mayores"
"EC-11239","Pichincha",35,19,"Asesor Directo","Familiar Estándar",83.52,1,3,"No",59669.67,0.139970608183353,349,0,0,"31-55 Adultos"
"EC-11240","Azuay",44,48,"Banca Seguros","Familiar Estándar",166.08,2,2,"No",16510.84,1.00588461883223,15,1,166.08,"31-55 Adultos"
"EC-11241","Manabí",27,45,"Banca Seguros","Corporativo Empresarial",156.69,4,3,"Si",11778.96,1.33025326514395,15,0,0,"18-30 Jóvenes"
"EC-11242","Pichincha",49,58,"Broker Digital","Corporativo Empresarial",143.38,0,3,"No",59669.67,0.240289580954612,125,0,0,"31-55 Adultos"
"EC-11243","Pichincha",67,46,"Banca Seguros","Individual Premium",133.16,3,4,"No",59669.67,0.22316195145708,169,0,0,"56+ Adultos Mayores"
"EC-11244","Pichincha",33,13,"Asesor Directo","Individual Premium",169.53,0,3,"Si",59669.67,0.284114190676771,34,0,0,"31-55 Adultos"
"EC-11245","Pichincha",48,10,"Asesor Directo","Individual Premium",97.96,1,3,"No",59669.67,0.164170507395131,299,0,0,"31-55 Adultos"
"EC-11246","Guayas",60,16,"Broker Digital","Familiar Estándar",136.19,2,4,"Si",53241.88,0.255794874260638,148,0,0,"56+ Adultos Mayores"
"EC-11247","Guayas",54,23,"Banca Seguros","Familiar Estándar",119.77,1,5,"No",53241.88,0.22495449071295,189,0,0,"31-55 Adultos"
"EC-11248","Guayas",68,47,"Banca Seguros","Individual Premium",126.66,4,3,"Si",53241.88,0.237895431190634,172,0,0,"56+ Adultos Mayores"
"EC-11249","Pichincha",33,17,"Banca Seguros","Corporativo Empresarial",151.89,0,3,"No",59669.67,0.254551432913907,99,0,0,"31-55 Adultos"
"EC-11250","Manabí",56,37,"Banca Seguros","Individual Premium",52.62,0,3,"No",11778.96,0.446728743454431,95,0,0,"56+ Adultos Mayores"
"EC-11251","Guayas",31,39,"Banca Seguros","Individual Premium",30.47,0,4,"No",53241.88,0.0572293840863621,473,0,0,"31-55 Adultos"
"EC-11252","Guayas",55,27,"Banca Seguros","Individual Premium",117.73,0,2,"No",53241.88,0.221122920527975,196,0,0,"31-55 Adultos"
"EC-11253","Manabí",69,5,"Banca Seguros","Individual Premium",33.69,0,3,"No",11778.96,0.286018460033823,106,0,0,"56+ Adultos Mayores"
"EC-11254","Guayas",47,7,"Banca Seguros","Corporativo Empresarial",60.3,0,4,"No",53241.88,0.113256706938222,386,0,0,"31-55 Adultos"
"EC-11255","Pichincha",68,10,"Banca Seguros","Individual Premium",32.91,0,3,"No",59669.67,0.0551536484113286,530,0,0,"56+ Adultos Mayores"
"EC-11256","Guayas",55,14,"Banca Seguros","Individual Premium",88.17,1,4,"No",53241.88,0.165602717259421,300,0,0,"31-55 Adultos"
"EC-11257","Pichincha",30,19,"Asesor Directo","Familiar Estándar",158.77,0,3,"Si",59669.67,0.266081578798743,77,0,0,"18-30 Jóvenes"
"EC-11258","Pichincha",26,8,"Banca Seguros","Familiar Estándar",125.88,0,5,"Si",59669.67,0.210961448253359,194,0,0,"18-30 Jóvenes"
"EC-11259","Guayas",44,35,"Asesor Directo","Familiar Estándar",178,0,4,"No",53241.88,0.33432328084583,9,0,0,"31-55 Adultos"
"EC-11260","Pichincha",56,25,"Broker Digital","Familiar Estándar",178.12,0,5,"No",59669.67,0.298510114099843,9,0,0,"56+ Adultos Mayores"
"EC-11261","Tungurahua",64,32,"Broker Digital","Corporativo Empresarial",82.98,1,3,"Si",6921.02,1.19895622321565,41,0,0,"56+ Adultos Mayores"
"EC-11262","Pichincha",44,12,"Banca Seguros","Individual Premium",41.16,0,5,"No",59669.67,0.068979768113348,509,0,0,"31-55 Adultos"
"EC-11263","Pichincha",22,17,"Banca Seguros","Familiar Estándar",50,0,4,"No",59669.67,0.0837946648607241,481,0,0,"18-30 Jóvenes"
"EC-11264","Guayas",41,53,"Banca Seguros","Corporativo Empresarial",16.26,0,3,"No",53241.88,0.0305398682390629,522,0,0,"31-55 Adultos"
"EC-11265","Guayas",41,19,"Banca Seguros","Familiar Estándar",147.24,3,4,"Si",53241.88,0.276549212762585,117,0,0,"31-55 Adultos"
"EC-11266","Guayas",56,8,"Asesor Directo","Familiar Estándar",29.51,0,3,"No",53241.88,0.0554262922346093,477,0,0,"56+ Adultos Mayores"
"EC-11267","Tungurahua",55,58,"Broker Digital","Individual Premium",26.05,0,3,"Si",6921.02,0.376389607312217,64,0,0,"31-55 Adultos"
"EC-11268","Pichincha",57,22,"Asesor Directo","Familiar Estándar",160.69,1,3,"Si",59669.67,0.269299293929395,71,0,0,"56+ Adultos Mayores"
"EC-11269","Pichincha",18,21,"Broker Digital","Individual Premium",59.96,0,1,"Si",59669.67,0.10048656210098,448,0,0,"18-30 Jóvenes"
"EC-11270","Guayas",67,37,"Banca Seguros","Individual Premium",138.41,2,3,"Si",53241.88,0.259964524167817,141,0,0,"56+ Adultos Mayores"
"EC-11271","Guayas",55,4,"Banca Seguros","Familiar Estándar",172.93,0,2,"No",53241.88,0.324800702003761,21,0,0,"31-55 Adultos"
"EC-11272","Pichincha",28,48,"Broker Digital","Corporativo Empresarial",174.83,1,3,"Si",59669.67,0.292996425152008,23,0,0,"18-30 Jóvenes"
"EC-11273","Guayas",56,34,"Asesor Directo","Corporativo Empresarial",44.35,3,5,"No",53241.88,0.0832990871096212,432,0,0,"56+ Adultos Mayores"
"EC-11274","Azuay",70,56,"Banca Seguros","Familiar Estándar",146.03,0,3,"No",16510.84,0.884449246676729,36,0,0,"56+ Adultos Mayores"
"EC-11275","Azuay",63,13,"Banca Seguros","Corporativo Empresarial",63.84,1,4,"No",16510.84,0.38665507024476,120,0,0,"56+ Adultos Mayores"
"EC-11276","Guayas",66,59,"Banca Seguros","Familiar Estándar",65.27,1,2,"No",53241.88,0.122591463712401,372,0,0,"56+ Adultos Mayores"
"EC-11277","Pichincha",69,10,"Banca Seguros","Individual Premium",27.06,1,3,"Si",59669.67,0.0453496726226239,548,0,0,"56+ Adultos Mayores"
"EC-11278","Pichincha",42,53,"Broker Digital","Individual Premium",128.52,0,2,"Si",59669.67,0.215385806558005,185,0,0,"31-55 Adultos"
"EC-11279","Pichincha",57,10,"Asesor Directo","Corporativo Empresarial",124.82,2,5,"No",59669.67,0.209185001358312,197,0,0,"56+ Adultos Mayores"
"EC-11280","Guayas",44,50,"Banca Seguros","Familiar Estándar",172.91,0,3,"No",53241.88,0.324763137590183,22,0,0,"31-55 Adultos"
"EC-11281","Guayas",49,40,"Banca Seguros","Familiar Estándar",49.85,3,4,"No",53241.88,0.0936293008436216,419,0,0,"31-55 Adultos"
"EC-11282","Pichincha",39,56,"Banca Seguros","Familiar Estándar",161.97,0,2,"No",59669.67,0.27144443734983,68,0,0,"31-55 Adultos"
"EC-11283","Pichincha",69,56,"Asesor Directo","Individual Premium",102.22,1,3,"No",59669.67,0.171309812841264,283,0,0,"56+ Adultos Mayores"
"EC-11284","Manabí",65,51,"Asesor Directo","Individual Premium",86.56,0,4,"No",11778.96,0.734869631953925,71,0,0,"56+ Adultos Mayores"
"EC-11285","Guayas",69,49,"Broker Digital","Corporativo Empresarial",162.16,2,2,"Si",53241.88,0.304572265291909,71,1,162.16,"56+ Adultos Mayores"
"EC-11286","Pichincha",19,60,"Broker Digital","Individual Premium",141.23,1,4,"Si",59669.67,0.236686410365601,134,0,0,"18-30 Jóvenes"
"EC-11287","Guayas",57,17,"Banca Seguros","Familiar Estándar",174.02,2,4,"Si",53241.88,0.326847962543772,18,0,0,"56+ Adultos Mayores"
"EC-11288","Pichincha",49,52,"Banca Seguros","Individual Premium",66.87,1,2,"No",59669.67,0.112066984784732,412,0,0,"31-55 Adultos"
"EC-11289","Azuay",30,47,"Broker Digital","Individual Premium",148.44,1,4,"No",16510.84,0.89904571784355,34,0,0,"18-30 Jóvenes"
"EC-11290","Pichincha",46,15,"Asesor Directo","Individual Premium",45.53,1,3,"No",59669.67,0.0763034218221753,498,0,0,"31-55 Adultos"
"EC-11291","Azuay",65,56,"Banca Seguros","Familiar Estándar",110,0,3,"Si",16510.84,0.66622897441923,75,0,0,"56+ Adultos Mayores"
"EC-11292","Pichincha",58,1,"Banca Seguros","Individual Premium",118.78,3,4,"No",59669.67,0.199062605843136,228,0,0,"56+ Adultos Mayores"
"EC-11293","Guayas",47,39,"Broker Digital","Individual Premium",123.42,2,4,"No",53241.88,0.231809996190968,179,0,0,"31-55 Adultos"
"EC-11294","Guayas",24,40,"Banca Seguros","Corporativo Empresarial",99.51,0,4,"No",53241.88,0.18690173975825,257,0,0,"18-30 Jóvenes"
"EC-11295","Tungurahua",35,51,"Asesor Directo","Corporativo Empresarial",57.39,0,3,"No",6921.02,0.829213035072865,50,0,0,"31-55 Adultos"
"EC-11296","Pichincha",68,4,"Broker Digital","Familiar Estándar",66.05,0,3,"No",59669.67,0.110692752281016,418,0,0,"56+ Adultos Mayores"
"EC-11297","Guayas",34,45,"Asesor Directo","Familiar Estándar",21.57,1,5,"No",53241.88,0.0405132200440706,502,0,0,"31-55 Adultos"
"EC-11298","Pichincha",70,21,"Asesor Directo","Individual Premium",76.29,0,4,"No",59669.67,0.127853899644493,376,0,0,"56+ Adultos Mayores"
"EC-11299","Pichincha",50,2,"Asesor Directo","Individual Premium",26.15,0,5,"No",59669.67,0.0438246097221587,551,0,0,"31-55 Adultos"
"EC-11300","Guayas",28,12,"Banca Seguros","Individual Premium",59.26,1,2,"Si",53241.88,0.111303357432157,389,0,0,"18-30 Jóvenes"
"EC-11301","Pichincha",42,60,"Banca Seguros","Familiar Estándar",80.48,0,2,"No",59669.67,0.134875892559821,360,0,0,"31-55 Adultos"
"EC-11302","Guayas",44,3,"Asesor Directo","Familiar Estándar",163.33,0,2,"No",53241.88,0.306769783486233,66,0,0,"31-55 Adultos"
"EC-11303","Guayas",32,9,"Asesor Directo","Familiar Estándar",113.37,0,5,"No",53241.88,0.212933878367931,215,0,0,"31-55 Adultos"
"EC-11304","Guayas",20,12,"Asesor Directo","Individual Premium",51.37,3,3,"Si",53241.88,0.0964841962755635,413,0,0,"18-30 Jóvenes"
"EC-11305","Azuay",66,1,"Banca Seguros","Individual Premium",55.51,0,3,"No",16510.84,0.336203367000104,127,0,0,"56+ Adultos Mayores"
"EC-11306","Pichincha",42,21,"Banca Seguros","Individual Premium",122.04,1,4,"Si",59669.67,0.204526017992055,210,0,0,"31-55 Adultos"
"EC-11307","Pichincha",33,19,"Banca Seguros","Individual Premium",145.02,0,3,"No",59669.67,0.243038045962044,119,0,0,"31-55 Adultos"
"EC-11308","Guayas",24,1,"Broker Digital","Corporativo Empresarial",32.5,0,4,"Si",53241.88,0.0610421720645477,468,0,0,"18-30 Jóvenes"
"EC-11309","Manabí",64,28,"Broker Digital","Familiar Estándar",145.2,0,3,"No",11778.96,1.23270645286171,22,0,0,"56+ Adultos Mayores"
"EC-11310","Manabí",34,9,"Banca Seguros","Corporativo Empresarial",127.32,3,4,"Si",11778.96,1.08091036899692,42,0,0,"31-55 Adultos"
"EC-11311","Guayas",23,23,"Banca Seguros","Individual Premium",97.4,0,2,"No",53241.88,0.182938694125752,267,0,0,"18-30 Jóvenes"
"EC-11312","Pichincha",42,16,"Broker Digital","Familiar Estándar",117.18,0,5,"No",59669.67,0.196381176567593,236,0,0,"31-55 Adultos"
"EC-11313","Pichincha",57,41,"Asesor Directo","Familiar Estándar",153.77,0,5,"No",59669.67,0.257702112312671,90,0,0,"56+ Adultos Mayores"
"EC-11314","Tungurahua",28,49,"Asesor Directo","Individual Premium",147.91,0,3,"Si",6921.02,2.13711273771785,19,0,0,"18-30 Jóvenes"
"EC-11315","Pichincha",46,41,"Broker Digital","Individual Premium",134.4,0,3,"Si",59669.67,0.225240059145626,164,0,0,"31-55 Adultos"
"EC-11316","Azuay",36,13,"Asesor Directo","Corporativo Empresarial",141.16,0,5,"No",16510.84,0.854953472991077,44,0,0,"31-55 Adultos"
"EC-11317","Manabí",47,31,"Banca Seguros","Familiar Estándar",164.83,0,1,"Si",11778.96,1.3993595359862,8,0,0,"31-55 Adultos"
"EC-11318","Pichincha",41,17,"Banca Seguros","Familiar Estándar",51.28,0,2,"Si",59669.67,0.0859398082811586,473,0,0,"31-55 Adultos"
"EC-11319","Guayas",55,42,"Banca Seguros","Familiar Estándar",176.34,0,1,"Si",53241.88,0.331205434518841,13,0,0,"31-55 Adultos"
"EC-11320","Pichincha",55,10,"Banca Seguros","Individual Premium",29.58,0,4,"No",59669.67,0.0495729237316043,542,0,0,"31-55 Adultos"
"EC-11321","Guayas",25,46,"Banca Seguros","Individual Premium",35.81,0,4,"No",53241.88,0.067259082511737,455,0,0,"18-30 Jóvenes"
"EC-11322","Pichincha",70,39,"Banca Seguros","Familiar Estándar",123.88,0,4,"No",59669.67,0.20760966165893,202,0,0,"56+ Adultos Mayores"
"EC-11323","Pichincha",30,56,"Asesor Directo","Familiar Estándar",141.85,0,3,"No",59669.67,0.237725464209874,129,0,0,"18-30 Jóvenes"
"EC-11324","Guayas",51,6,"Broker Digital","Familiar Estándar",15.97,0,3,"No",53241.88,0.0299951842421793,524,0,0,"31-55 Adultos"
"EC-11325","Azuay",54,19,"Banca Seguros","Familiar Estándar",69.65,0,3,"No",16510.84,0.421844073348176,115,0,0,"31-55 Adultos"
"EC-11326","Pichincha",63,39,"Broker Digital","Individual Premium",123.38,0,3,"No",59669.67,0.206771715010323,205,0,0,"56+ Adultos Mayores"
"EC-11327","Pichincha",42,53,"Broker Digital","Familiar Estándar",130.2,0,3,"No",59669.67,0.218201307297325,179,0,0,"31-55 Adultos"
"EC-11328","Pichincha",43,44,"Banca Seguros","Corporativo Empresarial",74.35,0,3,"No",59669.67,0.124602666647897,385,0,0,"31-55 Adultos"
"EC-11329","Azuay",48,16,"Broker Digital","Corporativo Empresarial",88.2,0,4,"Si",16510.84,0.534194504943419,96,0,0,"31-55 Adultos"
"EC-11330","Guayas",31,17,"Banca Seguros","Familiar Estándar",126.22,3,4,"Si",53241.88,0.237069014091914,173,0,0,"31-55 Adultos"
"EC-11331","Pichincha",34,51,"Broker Digital","Familiar Estándar",23.75,0,5,"No",59669.67,0.0398024658088439,560,0,0,"31-55 Adultos"
"EC-11332","Guayas",37,2,"Broker Digital","Familiar Estándar",166.93,0,3,"Si",53241.88,0.313531377930306,50,0,0,"31-55 Adultos"
"EC-11333","Guayas",42,20,"Banca Seguros","Individual Premium",54.91,1,3,"Si",53241.88,0.103133097478902,401,0,0,"31-55 Adultos"
"EC-11334","Pichincha",26,35,"Asesor Directo","Corporativo Empresarial",77.92,0,3,"No",59669.67,0.130585605718952,366,0,0,"18-30 Jóvenes"
"EC-11335","Guayas",62,2,"Banca Seguros","Individual Premium",28.82,2,2,"Si",53241.88,0.054130319966162,480,1,28.82,"56+ Adultos Mayores"
"EC-11336","Pichincha",41,11,"Broker Digital","Familiar Estándar",82.51,1,4,"Si",59669.67,0.138277955953167,354,0,0,"31-55 Adultos"
"EC-11337","Guayas",57,52,"Banca Seguros","Individual Premium",32.46,0,4,"No",53241.88,0.0609670432373913,469,0,0,"56+ Adultos Mayores"
"EC-11338","Pichincha",60,13,"Asesor Directo","Corporativo Empresarial",139.86,1,2,"Si",59669.67,0.234390436548417,140,0,0,"56+ Adultos Mayores"
"EC-11339","Azuay",65,21,"Banca Seguros","Corporativo Empresarial",17.27,2,4,"Si",16510.84,0.104597948983819,161,0,0,"56+ Adultos Mayores"
"EC-11340","Pichincha",48,25,"Broker Digital","Individual Premium",106.85,0,2,"Si",59669.67,0.179069198807367,271,0,0,"31-55 Adultos"
"EC-11341","Pichincha",20,1,"Banca Seguros","Individual Premium",88.53,3,3,"Si",59669.67,0.148366833602398,334,0,0,"18-30 Jóvenes"
"EC-11342","Pichincha",36,53,"Banca Seguros","Corporativo Empresarial",50.8,0,3,"No",59669.67,0.0851353794984956,478,0,0,"31-55 Adultos"
"EC-11343","Guayas",19,43,"Banca Seguros","Individual Premium",28,0,5,"No",53241.88,0.0525901790094565,485,0,0,"18-30 Jóvenes"
"EC-11344","Pichincha",67,28,"Asesor Directo","Corporativo Empresarial",157.28,0,3,"No",59669.67,0.263584497785894,82,0,0,"56+ Adultos Mayores"
"EC-11345","Azuay",41,52,"Banca Seguros","Familiar Estándar",78.43,0,5,"No",16510.84,0.475021258760911,107,0,0,"31-55 Adultos"
"EC-11346","Guayas",33,59,"Banca Seguros","Individual Premium",166.92,0,4,"No",53241.88,0.313512595723517,51,0,0,"31-55 Adultos"
"EC-11347","Pichincha",40,4,"Banca Seguros","Individual Premium",95.13,0,3,"Si",59669.67,0.159427729364014,311,0,0,"31-55 Adultos"
"EC-11348","Pichincha",30,3,"Broker Digital","Individual Premium",119,0,1,"Si",59669.67,0.199431302368523,226,0,0,"18-30 Jóvenes"
"EC-11349","Pichincha",21,21,"Asesor Directo","Individual Premium",85.72,0,3,"Si",59669.67,0.143657573437225,343,0,0,"18-30 Jóvenes"
"EC-11350","Guayas",58,52,"Banca Seguros","Individual Premium",52.67,0,3,"Si",53241.88,0.0989258831581454,411,0,0,"56+ Adultos Mayores"
"EC-11351","Guayas",67,51,"Banca Seguros","Individual Premium",53.12,1,4,"No",53241.88,0.0997710824636545,409,0,0,"56+ Adultos Mayores"
"EC-11352","Pichincha",28,37,"Banca Seguros","Individual Premium",136.71,1,3,"No",59669.67,0.229111372662192,152,0,0,"18-30 Jóvenes"
"EC-11353","Manabí",60,25,"Banca Seguros","Familiar Estándar",75.97,0,4,"No",11778.96,0.644963562148101,80,0,0,"56+ Adultos Mayores"
"EC-11354","Manabí",37,52,"Asesor Directo","Individual Premium",110.17,3,3,"Si",11778.96,0.935311776251893,53,0,0,"31-55 Adultos"
"EC-11355","Pichincha",22,4,"Banca Seguros","Individual Premium",56.11,0,4,"No",59669.67,0.0940343729067045,462,0,0,"18-30 Jóvenes"
"EC-11356","Pichincha",68,8,"Asesor Directo","Familiar Estándar",24.46,2,3,"Si",59669.67,0.0409923500498662,557,0,0,"56+ Adultos Mayores"
"EC-11357","Pichincha",53,46,"Banca Seguros","Corporativo Empresarial",115.07,0,3,"Si",59669.67,0.19284504171047,246,0,0,"31-55 Adultos"
"EC-11358","Guayas",58,14,"Asesor Directo","Familiar Estándar",18.95,0,5,"No",53241.88,0.0355922818653286,513,0,0,"56+ Adultos Mayores"
"EC-11359","Pichincha",32,3,"Asesor Directo","Familiar Estándar",25.02,0,5,"No",59669.67,0.0419308502963063,555,0,0,"31-55 Adultos"
"EC-11360","Tungurahua",27,4,"Banca Seguros","Familiar Estándar",134.45,0,2,"Si",6921.02,1.94263273332543,24,0,0,"18-30 Jóvenes"
"EC-11361","Guayas",41,43,"Banca Seguros","Corporativo Empresarial",163.41,0,5,"No",53241.88,0.306920041140546,64,0,0,"31-55 Adultos"
"EC-11362","Pichincha",64,55,"Banca Seguros","Familiar Estándar",77.32,0,4,"No",59669.67,0.129580069740624,369,0,0,"56+ Adultos Mayores"
"EC-11363","Azuay",45,5,"Asesor Directo","Individual Premium",31.82,0,2,"No",16510.84,0.192721872418363,148,0,0,"31-55 Adultos"
"EC-11364","Pichincha",51,29,"Asesor Directo","Familiar Estándar",135.05,2,3,"Si",59669.67,0.226329389788816,159,0,0,"31-55 Adultos"
"EC-11365","Pichincha",47,14,"Banca Seguros","Familiar Estándar",60.47,3,5,"No",59669.67,0.10134126768256,443,0,0,"31-55 Adultos"
"EC-11366","Pichincha",56,34,"Banca Seguros","Corporativo Empresarial",82.78,0,4,"No",59669.67,0.138730447143415,351,0,0,"56+ Adultos Mayores"
"EC-11367","Pichincha",23,13,"Banca Seguros","Familiar Estándar",97.57,1,3,"No",59669.67,0.163516909009217,300,0,0,"18-30 Jóvenes"
"EC-11368","Guayas",25,18,"Asesor Directo","Corporativo Empresarial",131.13,0,3,"No",53241.88,0.246291077625358,161,0,0,"18-30 Jóvenes"
"EC-11369","Azuay",64,2,"Asesor Directo","Individual Premium",34.57,0,4,"Si",16510.84,0.209377596778843,145,0,0,"56+ Adultos Mayores"
"EC-11370","Guayas",65,32,"Banca Seguros","Individual Premium",148.71,1,4,"Si",53241.88,0.279310197160581,112,0,0,"56+ Adultos Mayores"
"EC-11371","Tungurahua",47,6,"Banca Seguros","Individual Premium",76.11,0,5,"No",6921.02,1.09969339779397,43,0,0,"31-55 Adultos"
"EC-11372","Pichincha",20,32,"Asesor Directo","Familiar Estándar",123.89,1,5,"Si",59669.67,0.207626420591902,201,0,0,"18-30 Jóvenes"
"EC-11373","Guayas",22,51,"Asesor Directo","Individual Premium",168.21,1,3,"No",53241.88,0.31593550039931,47,0,0,"18-30 Jóvenes"
"EC-11374","Pichincha",55,17,"Banca Seguros","Familiar Estándar",26.72,0,4,"No",59669.67,0.0447798689015709,549,0,0,"31-55 Adultos"
"EC-11375","Pichincha",40,8,"Broker Digital","Corporativo Empresarial",99.84,1,4,"No",59669.67,0.167321186793894,294,0,0,"31-55 Adultos"
"EC-11376","Pichincha",21,54,"Broker Digital","Individual Premium",79.94,0,4,"No",59669.67,0.133970910179326,361,0,0,"18-30 Jóvenes"
"EC-11377","Azuay",19,34,"Broker Digital","Individual Premium",120.05,0,4,"Si",16510.84,0.727098076172987,65,0,0,"18-30 Jóvenes"
"EC-11378","Guayas",22,31,"Banca Seguros","Familiar Estándar",138.66,0,4,"No",53241.88,0.260434079337544,140,0,0,"18-30 Jóvenes"
"EC-11379","Pichincha",55,59,"Banca Seguros","Familiar Estándar",153.33,0,2,"Si",59669.67,0.256964719261896,95,0,0,"31-55 Adultos"
"EC-11380","Guayas",54,30,"Banca Seguros","Familiar Estándar",98.89,0,3,"No",53241.88,0.185737242937327,260,0,0,"31-55 Adultos"
"EC-11381","Pichincha",66,29,"Asesor Directo","Familiar Estándar",128.57,0,5,"No",59669.67,0.215469601222866,184,0,0,"56+ Adultos Mayores"
"EC-11382","Pichincha",57,34,"Broker Digital","Familiar Estándar",178.89,1,4,"Si",59669.67,0.299800551938698,5,0,0,"56+ Adultos Mayores"
"EC-11383","Manabí",52,8,"Asesor Directo","Corporativo Empresarial",103.11,0,3,"Si",11778.96,0.875374396381344,58,0,0,"31-55 Adultos"
"EC-11384","Pichincha",56,9,"Banca Seguros","Individual Premium",149.08,1,5,"Si",59669.67,0.249842172748735,107,0,0,"56+ Adultos Mayores"
"EC-11385","Pichincha",43,54,"Banca Seguros","Individual Premium",127.03,2,3,"Si",59669.67,0.212888725545156,190,0,0,"31-55 Adultos"
"EC-11386","Pichincha",58,40,"Banca Seguros","Corporativo Empresarial",80.62,0,3,"Si",59669.67,0.135110517621431,359,0,0,"56+ Adultos Mayores"
"EC-11387","Guayas",62,24,"Banca Seguros","Corporativo Empresarial",93.43,0,1,"Si",53241.88,0.175482158030483,282,0,0,"56+ Adultos Mayores"
"EC-11388","Azuay",70,24,"Banca Seguros","Individual Premium",100.69,0,3,"No",16510.84,0.609841776675202,87,0,0,"56+ Adultos Mayores"
"EC-11389","Guayas",46,29,"Broker Digital","Individual Premium",140.51,0,4,"No",53241.88,0.263908787593526,134,0,0,"31-55 Adultos"
"EC-11390","Pichincha",62,50,"Broker Digital","Individual Premium",34.44,0,2,"No",59669.67,0.0577177651560667,524,0,0,"56+ Adultos Mayores"
"EC-11391","Azuay",45,53,"Asesor Directo","Familiar Estándar",62.26,0,4,"No",16510.84,0.377085599521284,122,0,0,"31-55 Adultos"
"EC-11392","Azuay",56,13,"Banca Seguros","Individual Premium",103.7,0,2,"No",16510.84,0.628072224066129,82,0,0,"56+ Adultos Mayores"
"EC-11393","Pichincha",53,11,"Asesor Directo","Familiar Estándar",60.28,0,3,"No",59669.67,0.101022847956089,445,0,0,"31-55 Adultos"
"EC-11394","Tungurahua",64,34,"Banca Seguros","Familiar Estándar",100.63,0,3,"Si",6921.02,1.45397643699917,34,0,0,"56+ Adultos Mayores"
"EC-11395","Manabí",62,1,"Asesor Directo","Individual Premium",160.13,2,3,"Si",11778.96,1.35945788083158,10,0,0,"56+ Adultos Mayores"
"EC-11396","Manabí",25,47,"Banca Seguros","Corporativo Empresarial",39.57,0,3,"No",11778.96,0.335937977546405,101,0,0,"18-30 Jóvenes"
"EC-11397","Tungurahua",59,4,"Banca Seguros","Familiar Estándar",179.53,0,3,"No",6921.02,2.59398181192946,1,0,0,"56+ Adultos Mayores"
"EC-11398","Pichincha",31,29,"Banca Seguros","Individual Premium",34.9,1,4,"No",59669.67,0.0584886760727854,522,0,0,"31-55 Adultos"
"EC-11399","Guayas",43,26,"Asesor Directo","Corporativo Empresarial",109.15,0,3,"No",53241.88,0.205007787102935,227,0,0,"31-55 Adultos"
"EC-11400","Manabí",23,47,"Banca Seguros","Familiar Estándar",156.82,0,3,"Si",11778.96,1.3313569279461,14,0,0,"18-30 Jóvenes"
"EC-11401","Manabí",45,13,"Asesor Directo","Familiar Estándar",144.23,0,2,"Si",11778.96,1.22447143041491,24,0,0,"31-55 Adultos"
"EC-11402","Pichincha",51,53,"Asesor Directo","Corporativo Empresarial",74.29,0,4,"No",59669.67,0.124502113050064,387,0,0,"31-55 Adultos"
"EC-11403","Pichincha",58,4,"Asesor Directo","Corporativo Empresarial",93.66,0,4,"Si",59669.67,0.156964166217108,320,0,0,"56+ Adultos Mayores"
"EC-11404","Guayas",19,28,"Banca Seguros","Individual Premium",87.57,0,4,"Si",53241.88,0.164475784852075,302,0,0,"18-30 Jóvenes"
"EC-11405","Pichincha",18,29,"Broker Digital","Corporativo Empresarial",20.43,0,5,"No",59669.67,0.0342385000620919,575,0,0,"18-30 Jóvenes"
"EC-11406","Guayas",34,42,"Banca Seguros","Individual Premium",43.58,1,4,"No",53241.88,0.0818528571868612,434,0,0,"31-55 Adultos"
"EC-11407","Pichincha",51,42,"Banca Seguros","Individual Premium",37.6,0,2,"No",59669.67,0.0630135879752645,519,0,0,"31-55 Adultos"
"EC-11408","Guayas",36,25,"Banca Seguros","Familiar Estándar",148.67,0,4,"No",53241.88,0.279235068333425,113,0,0,"31-55 Adultos"
"EC-11409","Pichincha",46,20,"Banca Seguros","Familiar Estándar",140.6,0,4,"Si",59669.67,0.235630597588356,137,0,0,"31-55 Adultos"
"EC-11410","Guayas",44,44,"Asesor Directo","Individual Premium",103.45,0,2,"Si",53241.88,0.194301929233153,247,0,0,"31-55 Adultos"
"EC-11411","Azuay",41,53,"Asesor Directo","Familiar Estándar",72.9,0,4,"No",16510.84,0.441528111228744,112,0,0,"31-55 Adultos"
"EC-11412","Guayas",30,58,"Asesor Directo","Familiar Estándar",178.14,0,2,"Si",53241.88,0.334586231740878,8,0,0,"18-30 Jóvenes"
"EC-11413","Guayas",67,13,"Banca Seguros","Individual Premium",134.94,0,3,"No",53241.88,0.253447098412002,152,0,0,"56+ Adultos Mayores"
"EC-11414","Guayas",32,7,"Asesor Directo","Individual Premium",114.13,0,4,"Si",53241.88,0.214361326083902,213,0,0,"31-55 Adultos"
"EC-11415","Guayas",19,1,"Banca Seguros","Individual Premium",51.86,1,4,"Si",53241.88,0.097404524408229,412,0,0,"18-30 Jóvenes"
"EC-11416","Pichincha",26,43,"Asesor Directo","Familiar Estándar",28,0,3,"No",59669.67,0.0469250123220055,546,0,0,"18-30 Jóvenes"
"EC-11417","Azuay",51,2,"Banca Seguros","Corporativo Empresarial",172.5,0,4,"No",16510.84,1.04476816443016,10,0,0,"31-55 Adultos"
"EC-11418","Pichincha",31,57,"Asesor Directo","Familiar Estándar",36.52,2,3,"Si",59669.67,0.0612036232142728,520,0,0,"31-55 Adultos"
"EC-11419","Pichincha",43,3,"Banca Seguros","Corporativo Empresarial",150.58,1,4,"Si",59669.67,0.252356012694557,102,0,0,"31-55 Adultos"
"EC-11420","Guayas",58,19,"Broker Digital","Familiar Estándar",65.78,0,3,"No",53241.88,0.123549356258645,368,0,0,"56+ Adultos Mayores"
"EC-11421","Pichincha",60,43,"Broker Digital","Corporativo Empresarial",111.8,0,2,"No",59669.67,0.187364870628579,255,0,0,"56+ Adultos Mayores"
"EC-11422","Guayas",63,18,"Asesor Directo","Familiar Estándar",80.37,0,4,"No",53241.88,0.150952595963929,323,0,0,"56+ Adultos Mayores"
"EC-11423","Pichincha",34,13,"Asesor Directo","Corporativo Empresarial",23.17,0,4,"Si",59669.67,0.0388304476964595,563,0,0,"31-55 Adultos"
"EC-11424","Guayas",29,44,"Banca Seguros","Individual Premium",18.35,1,4,"No",53241.88,0.0344653494579831,516,0,0,"18-30 Jóvenes"
"EC-11425","Pichincha",69,18,"Asesor Directo","Individual Premium",34.25,0,3,"No",59669.67,0.057399345429596,525,0,0,"56+ Adultos Mayores"
"EC-11426","Tungurahua",25,36,"Banca Seguros","Individual Premium",70.12,2,2,"Si",6921.02,1.01314546121814,44,1,70.12,"18-30 Jóvenes"
"EC-11427","Azuay",27,50,"Asesor Directo","Corporativo Empresarial",159.26,0,4,"No",16510.84,0.964578422418242,21,0,0,"18-30 Jóvenes"
"EC-11428","Guayas",31,52,"Asesor Directo","Familiar Estándar",110.28,0,2,"No",53241.88,0.207130176470102,223,0,0,"31-55 Adultos"
"EC-11429","Manabí",44,39,"Banca Seguros","Familiar Estándar",102.2,1,2,"Si",11778.96,0.867648756766302,60,0,0,"31-55 Adultos"
"EC-11430","Guayas",66,23,"Banca Seguros","Individual Premium",63.9,2,4,"Si",53241.88,0.120018301382295,377,0,0,"56+ Adultos Mayores"
"EC-11431","Guayas",48,14,"Banca Seguros","Individual Premium",80.46,1,4,"Si",53241.88,0.151121635825031,322,0,0,"31-55 Adultos"
"EC-11432","Guayas",48,32,"Broker Digital","Familiar Estándar",164.68,0,3,"No",53241.88,0.30930538140276,59,0,0,"31-55 Adultos"
"EC-11433","Guayas",28,14,"Asesor Directo","Individual Premium",64.36,2,4,"No",53241.88,0.120882282894594,376,0,0,"18-30 Jóvenes"
"EC-11434","Tungurahua",68,14,"Asesor Directo","Familiar Estándar",58.72,0,4,"No",6921.02,0.848429855714909,49,0,0,"56+ Adultos Mayores"
"EC-11435","Guayas",56,55,"Banca Seguros","Individual Premium",64.84,0,4,"No",53241.88,0.12178382882047,375,0,0,"56+ Adultos Mayores"
"EC-11436","Pichincha",49,52,"Broker Digital","Corporativo Empresarial",139.67,0,2,"No",59669.67,0.234072016821947,141,0,0,"31-55 Adultos"
"EC-11437","Pichincha",64,18,"Banca Seguros","Individual Premium",28.8,2,3,"Si",59669.67,0.0482657269597771,543,0,0,"56+ Adultos Mayores"
"EC-11438","Azuay",22,14,"Broker Digital","Individual Premium",138.26,1,4,"Si",16510.84,0.83738925457457,48,0,0,"18-30 Jóvenes"
"EC-11439","Azuay",62,7,"Banca Seguros","Corporativo Empresarial",103,0,4,"Si",16510.84,0.623832585138006,83,0,0,"56+ Adultos Mayores"
"EC-11440","Manabí",42,53,"Broker Digital","Corporativo Empresarial",63.38,1,4,"No",11778.96,0.53807806461691,89,0,0,"31-55 Adultos"
"EC-11441","Manabí",63,32,"Banca Seguros","Individual Premium",28.32,1,3,"No",11778.96,0.24042869659121,111,0,0,"56+ Adultos Mayores"
"EC-11442","Pichincha",26,25,"Asesor Directo","Individual Premium",38.79,0,5,"No",59669.67,0.0650079009989497,515,0,0,"18-30 Jóvenes"
"EC-11443","Pichincha",69,52,"Broker Digital","Familiar Estándar",117.19,0,5,"No",59669.67,0.196397935500565,235,0,0,"56+ Adultos Mayores"
"EC-11444","Manabí",18,46,"Banca Seguros","Individual Premium",78.32,0,3,"No",11778.96,0.664914389725409,79,0,0,"18-30 Jóvenes"
"EC-11445","Guayas",22,54,"Banca Seguros","Corporativo Empresarial",97.68,0,4,"No",53241.88,0.183464595915847,265,0,0,"18-30 Jóvenes"
"EC-11446","Guayas",49,43,"Asesor Directo","Individual Premium",114.32,3,4,"Si",53241.88,0.214718188012895,210,0,0,"31-55 Adultos"
"EC-11447","Pichincha",46,2,"Asesor Directo","Familiar Estándar",155.17,0,3,"No",59669.67,0.260048362928771,88,0,0,"31-55 Adultos"
"EC-11448","Azuay",42,9,"Banca Seguros","Familiar Estándar",113.89,1,4,"Si",16510.84,0.68978925360551,72,0,0,"31-55 Adultos"
"EC-11449","Pichincha",56,33,"Banca Seguros","Individual Premium",122.12,0,2,"No",59669.67,0.204660089455832,209,0,0,"56+ Adultos Mayores"
"EC-11450","Pichincha",25,12,"Broker Digital","Familiar Estándar",86.18,1,4,"No",59669.67,0.144428484353944,341,0,0,"18-30 Jóvenes"
"EC-11451","Pichincha",63,3,"Broker Digital","Individual Premium",31.45,0,4,"Si",59669.67,0.0527068441973954,536,0,0,"56+ Adultos Mayores"
"EC-11452","Pichincha",37,39,"Broker Digital","Individual Premium",111.12,0,2,"Si",59669.67,0.186225263186473,257,0,0,"31-55 Adultos"
"EC-11453","Manabí",22,33,"Banca Seguros","Individual Premium",140.94,0,4,"No",11778.96,1.19654027180668,29,0,0,"18-30 Jóvenes"
"EC-11454","Pichincha",38,18,"Broker Digital","Familiar Estándar",122.48,0,4,"No",59669.67,0.20526341104283,207,0,0,"31-55 Adultos"
"EC-11455","Pichincha",42,18,"Banca Seguros","Familiar Estándar",38.25,0,1,"Si",59669.67,0.0641029186184539,518,0,0,"31-55 Adultos"
"EC-11456","Guayas",57,51,"Asesor Directo","Familiar Estándar",25.97,0,5,"No",53241.88,0.0487773910312709,490,0,0,"56+ Adultos Mayores"
"EC-11457","Guayas",20,44,"Banca Seguros","Corporativo Empresarial",79.68,0,4,"No",53241.88,0.149656623695482,325,0,0,"18-30 Jóvenes"
"EC-11458","Guayas",42,37,"Banca Seguros","Familiar Estándar",172.62,2,4,"Si",53241.88,0.324218453593299,25,0,0,"31-55 Adultos"
"EC-11459","Tungurahua",30,19,"Banca Seguros","Individual Premium",44.11,0,2,"No",6921.02,0.637333803398921,58,0,0,"18-30 Jóvenes"
"EC-11460","Guayas",20,43,"Banca Seguros","Familiar Estándar",91.42,2,3,"Si",53241.88,0.171706934465875,291,0,0,"18-30 Jóvenes"
"EC-11461","Pichincha",69,4,"Banca Seguros","Familiar Estándar",103.16,1,3,"No",59669.67,0.172885152540646,280,0,0,"56+ Adultos Mayores"
"EC-11462","Guayas",45,58,"Asesor Directo","Corporativo Empresarial",128.5,0,2,"No",53241.88,0.241351357239827,170,0,0,"31-55 Adultos"
"EC-11463","Pichincha",26,7,"Banca Seguros","Familiar Estándar",112.35,4,4,"Si",59669.67,0.188286611942047,251,0,0,"18-30 Jóvenes"
"EC-11464","Azuay",49,23,"Broker Digital","Individual Premium",156.93,0,2,"Si",16510.84,0.950466481414634,25,0,0,"31-55 Adultos"
"EC-11465","Pichincha",50,4,"Banca Seguros","Individual Premium",107.95,1,2,"Si",59669.67,0.180912681434303,266,0,0,"31-55 Adultos"
"EC-11466","Tungurahua",22,1,"Broker Digital","Individual Premium",144.11,0,3,"No",6921.02,2.08220753588344,22,0,0,"18-30 Jóvenes"
"EC-11467","Pichincha",43,3,"Broker Digital","Individual Premium",56.57,0,5,"No",59669.67,0.0948052838234232,459,0,0,"31-55 Adultos"
"EC-11468","Guayas",36,23,"Asesor Directo","Familiar Estándar",62.28,0,4,"Si",53241.88,0.116975583882462,380,0,0,"31-55 Adultos"
"EC-11469","Manabí",70,49,"Asesor Directo","Familiar Estándar",102.44,3,2,"Si",11778.96,0.869686288093346,59,1,102.44,"56+ Adultos Mayores"
"EC-11470","Pichincha",31,15,"Asesor Directo","Familiar Estándar",165.43,0,3,"No",59669.67,0.277243028158192,57,0,0,"31-55 Adultos"
"EC-11471","Guayas",28,35,"Broker Digital","Individual Premium",152.2,0,4,"No",53241.88,0.285865187329974,94,0,0,"18-30 Jóvenes"
"EC-11472","Pichincha",57,48,"Banca Seguros","Familiar Estándar",120.77,0,4,"No",59669.67,0.202397633504593,219,0,0,"56+ Adultos Mayores"
"EC-11473","Pichincha",38,52,"Banca Seguros","Familiar Estándar",125.37,0,3,"Si",59669.67,0.21010674267178,196,0,0,"31-55 Adultos"
"EC-11474","Manabí",51,1,"Asesor Directo","Individual Premium",60.13,2,1,"Si",11778.96,0.510486494563187,92,1,60.13,"31-55 Adultos"
"EC-11475","Guayas",52,10,"Banca Seguros","Familiar Estándar",105.21,1,4,"No",53241.88,0.197607597628033,242,0,0,"31-55 Adultos"
"EC-11476","Pichincha",56,23,"Banca Seguros","Individual Premium",88.89,1,2,"No",59669.67,0.148970155189395,331,0,0,"56+ Adultos Mayores"
"EC-11477","Pichincha",69,32,"Asesor Directo","Familiar Estándar",174.34,2,3,"Si",59669.67,0.292175237436373,25,0,0,"56+ Adultos Mayores"
"EC-11478","Guayas",27,38,"Banca Seguros","Corporativo Empresarial",20.04,0,4,"Si",53241.88,0.0376395424053396,507,0,0,"18-30 Jóvenes"
"EC-11479","Pichincha",70,20,"Banca Seguros","Familiar Estándar",166.36,1,4,"Si",59669.67,0.278801608924601,50,0,0,"56+ Adultos Mayores"
"EC-11480","Guayas",33,27,"Broker Digital","Familiar Estándar",33.46,0,4,"No",53241.88,0.0628452639163005,464,0,0,"31-55 Adultos"
"EC-11481","Pichincha",21,49,"Asesor Directo","Individual Premium",131.2,0,2,"Si",59669.67,0.21987720059454,176,0,0,"18-30 Jóvenes"
"EC-11482","Guayas",35,52,"Banca Seguros","Familiar Estándar",58.1,2,1,"Si",53241.88,0.109124621444622,390,1,58.1,"31-55 Adultos"
"EC-11483","Guayas",49,44,"Banca Seguros","Corporativo Empresarial",43.31,1,4,"Si",53241.88,0.0813457376035557,435,0,0,"31-55 Adultos"
"EC-11484","Pichincha",22,32,"Broker Digital","Individual Premium",35.56,0,4,"No",59669.67,0.059594765648947,521,0,0,"18-30 Jóvenes"
"EC-11485","Guayas",66,40,"Asesor Directo","Individual Premium",41.8,1,3,"No",53241.88,0.0785096243784029,440,0,0,"56+ Adultos Mayores"
"EC-11486","Pichincha",68,47,"Broker Digital","Individual Premium",86.57,2,5,"Si",59669.67,0.145082082739858,339,0,0,"56+ Adultos Mayores"
"EC-11487","Tungurahua",45,14,"Banca Seguros","Individual Premium",175.54,1,3,"No",6921.02,2.53633135000332,3,0,0,"31-55 Adultos"
"EC-11488","Guayas",70,57,"Banca Seguros","Individual Premium",24.84,0,4,"No",53241.88,0.0466550016641035,495,0,0,"56+ Adultos Mayores"
"EC-11489","Pichincha",37,19,"Asesor Directo","Familiar Estándar",27.74,2,4,"No",59669.67,0.0464892800647297,547,0,0,"31-55 Adultos"
"EC-11490","Pichincha",37,51,"Broker Digital","Individual Premium",81.03,0,4,"No",59669.67,0.135797633873289,358,0,0,"31-55 Adultos"
"EC-11491","Guayas",26,20,"Banca Seguros","Individual Premium",137.68,1,4,"Si",53241.88,0.258593423072213,145,0,0,"18-30 Jóvenes"
"EC-11492","Guayas",44,19,"Asesor Directo","Familiar Estándar",114.18,0,4,"No",53241.88,0.214455237117848,211,0,0,"31-55 Adultos"
"EC-11493","Pichincha",32,48,"Broker Digital","Individual Premium",179.21,1,5,"No",59669.67,0.300336837793807,4,0,0,"31-55 Adultos"
"EC-11494","Pichincha",67,47,"Broker Digital","Familiar Estándar",47.18,1,2,"Si",59669.67,0.0790686457625792,490,0,0,"56+ Adultos Mayores"
"EC-11495","Azuay",63,54,"Banca Seguros","Individual Premium",45.46,1,2,"Si",16510.84,0.275334265246347,133,0,0,"56+ Adultos Mayores"
"EC-11496","Pichincha",60,46,"Asesor Directo","Individual Premium",66.73,0,2,"Si",59669.67,0.111832359723122,413,0,0,"56+ Adultos Mayores"
"EC-11497","Guayas",35,10,"Asesor Directo","Familiar Estándar",163.16,0,4,"No",53241.88,0.306450485970818,68,0,0,"31-55 Adultos"
"EC-11498","Guayas",52,21,"Asesor Directo","Individual Premium",64.86,1,1,"Si",53241.88,0.121821393234048,374,0,0,"31-55 Adultos"
"EC-11499","Tungurahua",31,34,"Broker Digital","Familiar Estándar",52.95,1,3,"No",6921.02,0.765060641350552,54,0,0,"31-55 Adultos"
